time,epochTime,requests,peaks
1998-04-30 22:03:45,893966625,18,1427.336
1998-04-30 22:06:30,893966790,13,1282.705
1998-04-30 22:07:05,893966825,11,1338.67
1998-04-30 22:08:48,893966928,16,1705.206
1998-04-30 22:09:20,893966960,20,1379.888
1998-04-30 22:11:28,893967088,21,1287.67
1998-04-30 22:14:27,893967267,8,1346.428
1998-04-30 22:14:39,893967279,17,1320.329
1998-04-30 22:15:55,893967355,14,1298.861
1998-04-30 22:16:50,893967410,26,1377.167
1998-04-30 22:16:54,893967414,21,1564.16
1998-04-30 22:17:47,893967467,32,1394.545
1998-04-30 22:17:48,893967468,19,1390.96
1998-04-30 22:17:53,893967473,29,1421.163
1998-04-30 22:18:16,893967496,17,1549.11
1998-04-30 22:18:22,893967502,15,1453.404
1998-04-30 22:18:31,893967511,28,1390.545
1998-04-30 22:18:50,893967530,26,1537.028
1998-04-30 22:19:01,893967541,12,1495.628
1998-04-30 22:19:07,893967547,6,1334.887
1998-04-30 22:19:17,893967557,20,1287.799
1998-04-30 22:19:25,893967565,15,1326.671
1998-04-30 22:19:27,893967567,22,1514.497
1998-04-30 22:19:35,893967575,12,1295.625
1998-04-30 22:19:49,893967589,12,1437.277
1998-04-30 22:19:56,893967596,24,1598.449
1998-04-30 22:21:03,893967663,22,1507.326
1998-04-30 22:21:21,893967681,17,1384.295
1998-04-30 22:21:43,893967703,20,1329.249
1998-04-30 22:22:00,893967720,17,1436.907
1998-04-30 22:22:36,893967756,17,1345.251
1998-04-30 22:24:14,893967854,20,1555.378
1998-04-30 22:24:19,893967859,7,1483.222
1998-04-30 22:25:48,893967948,22,1321.011
1998-04-30 22:26:11,893967971,19,1271.353
1998-04-30 22:27:22,893968042,27,1513.408
1998-04-30 22:29:27,893968167,17,1321.296
1998-04-30 22:29:41,893968181,14,1307.731
1998-04-30 22:30:14,893968214,14,1323.977
1998-04-30 22:30:45,893968245,16,1463.693
1998-04-30 22:31:15,893968275,17,1334.345
1998-04-30 22:31:21,893968281,8,1441.182
1998-04-30 22:31:27,893968287,12,1397.054
1998-04-30 22:32:10,893968330,9,1344.167
1998-04-30 22:33:25,893968405,20,1579.824
1998-04-30 22:33:57,893968437,14,1436.924
1998-04-30 22:34:58,893968498,14,1328.666
1998-04-30 22:36:11,893968571,19,1457.735
1998-04-30 22:37:08,893968628,21,1628.593
1998-04-30 22:37:16,893968636,18,1479.752
1998-04-30 22:37:37,893968657,30,1441.266
1998-04-30 22:37:54,893968674,18,1332.561
1998-04-30 22:38:29,893968709,6,1278.377
1998-04-30 22:38:40,893968720,13,1462.417
1998-04-30 22:40:35,893968835,11,1251.488
1998-04-30 22:41:39,893968899,7,1430.153
1998-04-30 22:42:35,893968955,17,1353.019
1998-04-30 22:43:22,893969002,7,1280.663
1998-04-30 22:43:33,893969013,20,1452.564
1998-04-30 22:48:04,893969284,21,1354.336
1998-04-30 22:48:05,893969285,15,1282.073
1998-04-30 22:48:08,893969288,13,1333.108
1998-04-30 22:51:40,893969500,11,1430.715
1998-04-30 22:51:54,893969514,22,1479.149
1998-04-30 22:52:25,893969545,9,1422.541
1998-04-30 22:53:05,893969585,24,1372.81
1998-04-30 22:54:05,893969645,6,1290.843
1998-04-30 22:55:40,893969740,12,1302.551
1998-04-30 22:55:41,893969741,18,1481.097
1998-04-30 22:56:11,893969771,17,1401.637
1998-04-30 22:57:20,893969840,8,1423.11
1998-04-30 22:57:28,893969848,15,1330.653
1998-04-30 22:58:35,893969915,21,1316.661
1998-04-30 22:59:40,893969980,15,1294.6
1998-04-30 23:00:09,893970009,20,1299.153
1998-04-30 23:00:21,893970021,17,1555.635
1998-04-30 23:00:24,893970024,23,1402.904
1998-04-30 23:01:36,893970096,19,1768.007
1998-04-30 23:01:49,893970109,13,1743.844
1998-04-30 23:02:27,893970147,8,1266.656
1998-04-30 23:03:23,893970203,15,1425.633
1998-04-30 23:03:58,893970238,17,1335.53
1998-04-30 23:04:04,893970244,20,1385.943
1998-04-30 23:04:13,893970253,14,1391.721
1998-04-30 23:04:49,893970289,12,1341.597
1998-04-30 23:05:26,893970326,12,1239.496
1998-04-30 23:07:05,893970425,7,1303.12
1998-04-30 23:08:23,893970503,8,1463.473
1998-04-30 23:10:20,893970620,38,1360.501
1998-04-30 23:10:48,893970648,25,1514.171
1998-04-30 23:11:36,893970696,13,1531.5
1998-04-30 23:11:43,893970703,11,1530.51
1998-04-30 23:11:48,893970708,22,1299.496
1998-04-30 23:12:01,893970721,15,1526.941
1998-04-30 23:13:03,893970783,5,1274.212
1998-04-30 23:13:29,893970809,21,1433.557
1998-04-30 23:13:57,893970837,9,1531.468
1998-04-30 23:14:47,893970887,10,1286.908
1998-04-30 23:15:17,893970917,19,1349.858
1998-04-30 23:16:18,893970978,12,1473.155
1998-04-30 23:16:56,893971016,10,1452.066
1998-04-30 23:17:31,893971051,22,1336.334
1998-04-30 23:17:41,893971061,7,1236.295
1998-04-30 23:18:37,893971117,9,1928.598
1998-04-30 23:18:39,893971119,11,1488.79
1998-04-30 23:18:58,893971138,15,1507.234
1998-04-30 23:21:50,893971310,14,1379.48
1998-04-30 23:24:14,893971454,9,1491.747
1998-04-30 23:24:38,893971478,10,1455.678
1998-04-30 23:24:42,893971482,22,1470.968
1998-04-30 23:25:16,893971516,9,1453.422
1998-04-30 23:25:31,893971531,11,1449.773
1998-04-30 23:26:16,893971576,11,1332.958
1998-04-30 23:27:05,893971625,10,1994.364
1998-04-30 23:28:31,893971711,10,1691.988
1998-04-30 23:32:05,893971925,10,1446.345
1998-04-30 23:33:41,893972021,11,1490.112
1998-04-30 23:34:31,893972071,8,1563.268
1998-04-30 23:34:38,893972078,4,1889.761
1998-04-30 23:35:20,893972120,9,1933.211
1998-04-30 23:35:21,893972121,12,1307.361
1998-04-30 23:35:25,893972125,14,1326.627
1998-04-30 23:37:23,893972243,10,1290.347
1998-04-30 23:38:43,893972323,21,1468.172
1998-04-30 23:40:32,893972432,13,1334.907
1998-04-30 23:40:47,893972447,3,1368.843
1998-04-30 23:41:02,893972462,7,1427.427
1998-04-30 23:41:16,893972476,13,1297.626
1998-04-30 23:41:59,893972519,13,1298.613
1998-04-30 23:42:08,893972528,6,1328.343
1998-04-30 23:43:12,893972592,10,1350.632
1998-04-30 23:43:23,893972603,29,1453.425
1998-04-30 23:43:37,893972617,19,1370.872
1998-04-30 23:44:26,893972666,13,1400.314
1998-04-30 23:46:59,893972819,13,1344.193
1998-04-30 23:47:16,893972836,12,1350.536
1998-04-30 23:50:52,893973052,12,1437.834
1998-04-30 23:50:59,893973059,13,1295.024
1998-04-30 23:51:46,893973106,11,1314.252
1998-04-30 23:51:49,893973109,19,1364.09
1998-04-30 23:52:17,893973137,20,1336.797
1998-04-30 23:56:39,893973399,13,1531.36
1998-04-30 23:57:47,893973467,24,1365.311
1998-04-30 23:58:20,893973500,20,1457.505
1998-04-30 23:58:25,893973505,15,1468.407
1998-04-30 23:59:28,893973568,11,1463.664
1998-04-30 23:59:33,893973573,24,1248.824
1998-04-30 23:59:39,893973579,18,1393.753
1998-05-01 00:00:33,893973633,14,1437.482
1998-05-01 00:00:39,893973639,14,1349.549
1998-05-01 00:01:45,893973705,21,1705.983
1998-05-01 00:01:52,893973712,6,1308.298
1998-05-01 00:03:06,893973786,5,1292.304
1998-05-01 00:04:46,893973886,18,1320.673
1998-05-01 00:04:48,893973888,19,1443.451
1998-05-01 00:05:09,893973909,11,1553.535
1998-05-01 00:06:28,893973988,7,1297.101
1998-05-01 00:06:32,893973992,11,1315.996
1998-05-01 00:08:28,893974108,11,1299.446
1998-05-01 00:08:51,893974131,21,1524.878
1998-05-01 00:09:07,893974147,16,1986.171
1998-05-01 00:11:06,893974266,6,1441.452
1998-05-01 00:11:22,893974282,9,1450.204
1998-05-01 00:11:50,893974310,7,1426.042
1998-05-01 00:12:27,893974347,14,1445.901
1998-05-01 00:12:42,893974362,10,1512.962
1998-05-01 00:13:30,893974410,6,1499.827
1998-05-01 00:13:33,893974413,16,1531.102
1998-05-01 00:13:37,893974417,16,1474.075
1998-05-01 00:14:55,893974495,11,1425.646
1998-05-01 00:14:58,893974498,12,1322.164
1998-05-01 00:16:22,893974582,5,1426.286
1998-05-01 00:16:23,893974583,5,1431.449
1998-05-01 00:17:20,893974640,7,1287.939
1998-05-01 00:17:22,893974642,6,1422.669
1998-05-01 00:17:36,893974656,7,1436.928
1998-05-01 00:17:47,893974667,8,1426.784
1998-05-01 00:18:13,893974693,10,1479.135
1998-05-01 00:19:09,893974749,14,1557.942
1998-05-01 00:20:16,893974816,17,1272.732
1998-05-01 00:20:29,893974829,15,1282.23
1998-05-01 00:21:08,893974868,5,1428.623
1998-05-01 00:21:36,893974896,15,1289.536
1998-05-01 00:23:04,893974984,10,1380.731
1998-05-01 00:23:08,893974988,18,1361.395
1998-05-01 00:23:10,893974990,16,1339.045
1998-05-01 00:24:08,893975048,17,1376.508
1998-05-01 00:24:55,893975095,10,1385.482
1998-05-01 00:25:22,893975122,10,1448.317
1998-05-01 00:25:59,893975159,15,1274.819
1998-05-01 00:26:08,893975168,13,1288.922
1998-05-01 00:26:16,893975176,16,1260.073
1998-05-01 00:27:03,893975223,15,1437.411
1998-05-01 00:28:51,893975331,10,1464.487
1998-05-01 00:30:23,893975423,8,1432.59
1998-05-01 00:35:52,893975752,7,1432.041
1998-05-01 00:36:45,893975805,10,1299.898
1998-05-01 00:37:09,893975829,12,1297.011
1998-05-01 00:38:36,893975916,8,1437.613
1998-05-01 00:39:34,893975974,14,1471.044
1998-05-01 00:44:55,893976295,11,1293.746
1998-05-01 00:49:47,893976587,8,1456.276
1998-05-01 00:50:05,893976605,5,1426.113
1998-05-01 00:52:14,893976734,14,1519.276
1998-05-01 00:54:37,893976877,12,1322.4
1998-05-01 00:54:45,893976885,24,1339.65
1998-05-01 00:54:51,893976891,12,1443.948
1998-05-01 00:54:57,893976897,8,1275.359
1998-05-01 00:55:22,893976922,7,1316.323
1998-05-01 00:55:25,893976925,14,1358.251
1998-05-01 00:55:38,893976938,3,1274.26
1998-05-01 00:55:59,893976959,11,1368.598
1998-05-01 00:56:16,893976976,9,1510.219
1998-05-01 00:58:37,893977117,10,1477.118
1998-05-01 01:01:06,893977266,19,1293.888
1998-05-01 01:01:19,893977279,9,1284.848
1998-05-01 01:02:23,893977343,6,1321.305
1998-05-01 01:03:09,893977389,19,1281.46
1998-05-01 01:04:02,893977442,11,1283.893
1998-05-01 01:07:48,893977668,5,1421.875
1998-05-01 01:13:26,893978006,13,1287.906
1998-05-01 01:15:16,893978116,18,1193.929
1998-05-01 01:15:47,893978147,10,1288.288
1998-05-01 01:15:59,893978159,11,1427.286
1998-05-01 01:16:38,893978198,8,1285.873
1998-05-01 01:16:57,893978217,16,1302.471
1998-05-01 01:17:10,893978230,9,1573.757
1998-05-01 01:17:43,893978263,6,1456.246
1998-05-01 01:18:01,893978281,12,1344.279
1998-05-01 01:18:46,893978326,9,1255.831
1998-05-01 01:18:52,893978332,18,1291.28
1998-05-01 01:19:06,893978346,11,1260.687
1998-05-01 01:20:15,893978415,10,1277.613
1998-05-01 01:20:56,893978456,8,1514.782
1998-05-01 01:21:08,893978468,15,1482.143
1998-05-01 01:21:35,893978495,16,1977.655
1998-05-01 01:22:55,893978575,23,1365.707
1998-05-01 01:24:03,893978643,17,1472.279
1998-05-01 01:24:18,893978658,9,1952.758
1998-05-01 01:24:38,893978678,4,1351.281
1998-05-01 01:26:42,893978802,10,1425.133
1998-05-01 01:26:43,893978803,10,1533.619
1998-05-01 01:30:53,893979053,8,1276.114
1998-05-01 01:30:57,893979057,5,1254.008
1998-05-01 01:30:59,893979059,14,1275.676
1998-05-01 01:32:36,893979156,17,1338.956
1998-05-01 01:34:04,893979244,8,1240.729
1998-05-01 01:34:51,893979291,19,1318.681
1998-05-01 01:36:14,893979374,19,1470.266
1998-05-01 01:36:22,893979382,6,1326.12
1998-05-01 01:36:48,893979408,18,1189.753
1998-05-01 01:37:11,893979431,10,1429.946
1998-05-01 01:37:21,893979441,11,1424.106
1998-05-01 01:40:04,893979604,7,1468.436
1998-05-01 01:40:42,893979642,7,1282.133
1998-05-01 01:42:27,893979747,18,1735.074
1998-05-01 01:43:33,893979813,8,1519.162
1998-05-01 01:43:55,893979835,7,1275.556
1998-05-01 01:47:19,893980039,34,1345.187
1998-05-01 01:47:20,893980040,14,1289.082
1998-05-01 01:49:04,893980144,3,1274.942
1998-05-01 01:49:13,893980153,8,1433.922
1998-05-01 01:50:19,893980219,7,1333.041
1998-05-01 01:50:57,893980257,9,1438.103
1998-05-01 01:51:53,893980313,13,1297.769
1998-05-01 01:53:38,893980418,8,1278.836
1998-05-01 01:56:41,893980601,7,1294.799
1998-05-01 01:57:02,893980622,9,1309.378
1998-05-01 01:57:12,893980632,9,1459.606
1998-05-01 01:57:59,893980679,5,1277.473
1998-05-01 01:58:15,893980695,9,1289.542
1998-05-01 01:59:20,893980760,6,1289.074
1998-05-01 01:59:31,893980771,9,1240.838
1998-05-01 01:59:57,893980797,6,1741.611
1998-05-01 02:00:31,893980831,7,1282.623
1998-05-01 02:00:47,893980847,3,1292.026
1998-05-01 02:03:31,893981011,6,1433.716
1998-05-01 02:03:35,893981015,7,1276.594
1998-05-01 02:04:04,893981044,12,1295.413
1998-05-01 02:04:11,893981051,10,1425.747
1998-05-01 02:04:39,893981079,6,1295.644
1998-05-01 02:05:56,893981156,10,1282.231
1998-05-01 02:05:58,893981158,7,1253.034
1998-05-01 02:06:25,893981185,11,1292.5
1998-05-01 02:06:36,893981196,4,1434.22
1998-05-01 02:08:19,893981299,9,1302.584
1998-05-01 02:09:56,893981396,5,1949.131
1998-05-01 02:10:32,893981432,5,1304.927
1998-05-01 02:12:11,893981531,9,1452.306
1998-05-01 02:12:15,893981535,9,1286.294
1998-05-01 02:13:12,893981592,9,1322.277
1998-05-01 02:14:53,893981693,14,1300.915
1998-05-01 02:16:50,893981810,10,1290.285
1998-05-01 02:17:05,893981825,12,1434.097
1998-05-01 02:18:37,893981917,9,1423.56
1998-05-01 02:18:47,893981927,20,1499.896
1998-05-01 02:18:55,893981935,10,1123.118
1998-05-01 02:19:27,893981967,9,1034.639
1998-05-01 02:21:29,893982089,5,1281.227
1998-05-01 02:21:38,893982098,28,1354.034
1998-05-01 02:21:39,893982099,9,1312.36
1998-05-01 02:22:14,893982134,12,1450.618
1998-05-01 02:22:56,893982176,13,1339.488
1998-05-01 02:22:57,893982177,13,1474.291
1998-05-01 02:22:59,893982179,9,1446.689
1998-05-01 02:23:16,893982196,20,1489.861
1998-05-01 02:23:28,893982208,20,1515.708
1998-05-01 02:25:21,893982321,8,1896.663
1998-05-01 02:25:36,893982336,5,1281.974
1998-05-01 02:26:09,893982369,16,1429.839
1998-05-01 02:26:11,893982371,15,1452.58
1998-05-01 02:26:35,893982395,15,1434.163
1998-05-01 02:27:48,893982468,12,1300.478
1998-05-01 02:28:35,893982515,5,1295.228
1998-05-01 02:29:00,893982540,13,1428.667
1998-05-01 02:29:34,893982574,16,1306.546
1998-05-01 02:29:40,893982580,9,1436.222
1998-05-01 02:30:56,893982656,11,1455.591
1998-05-01 02:33:55,893982835,14,1318.685
1998-05-01 02:34:50,893982890,19,1347.271
1998-05-01 02:35:41,893982941,18,1299.707
1998-05-01 02:36:13,893982973,8,1486.024
1998-05-01 02:36:22,893982982,19,1460.603
1998-05-01 02:36:34,893982994,11,1456.803
1998-05-01 02:37:10,893983030,19,1504.764
1998-05-01 02:38:10,893983090,21,1466.213
1998-05-01 02:38:19,893983099,12,1450.33
1998-05-01 02:38:27,893983107,21,1354.745
1998-05-01 02:41:00,893983260,9,1301.269
1998-05-01 02:41:23,893983283,9,1298.865
1998-05-01 02:43:55,893983435,9,1279.351
1998-05-01 02:43:57,893983437,9,1429.982
1998-05-01 02:44:29,893983469,10,1440.387
1998-05-01 02:45:47,893983547,9,1921.54
1998-05-01 02:46:34,893983594,5,1451.011
1998-05-01 02:47:05,893983625,9,1444.708
1998-05-01 02:47:58,893983678,7,1456.87
1998-05-01 02:49:04,893983744,17,1308.971
1998-05-01 02:49:29,893983769,24,1389.712
1998-05-01 02:51:36,893983896,18,1524.126
1998-05-01 02:51:51,893983911,13,1318.47
1998-05-01 02:52:03,893983923,10,1276.468
1998-05-01 02:52:14,893983934,6,1279.743
1998-05-01 02:52:24,893983944,15,1493.832
1998-05-01 02:52:48,893983968,18,1604.136
1998-05-01 02:53:15,893983995,14,1284.32
1998-05-01 02:53:26,893984006,13,1339.403
1998-05-01 02:54:55,893984095,15,1337.808
1998-05-01 02:54:56,893984096,14,1906.153
1998-05-01 02:55:53,893984153,12,1332.562
1998-05-01 02:55:57,893984157,10,1274.685
1998-05-01 02:58:03,893984283,9,1232.375
1998-05-01 02:58:15,893984295,18,1572.788
1998-05-01 02:59:40,893984380,6,1427.399
1998-05-01 02:59:59,893984399,13,1443.745
1998-05-01 03:00:00,893984400,12,1573.461
1998-05-01 03:02:42,893984562,21,1514.593
1998-05-01 03:02:43,893984563,11,1288.129
1998-05-01 03:02:51,893984571,15,1684.984
1998-05-01 03:03:01,893984581,16,1341.253
1998-05-01 03:04:30,893984670,5,1273.702
1998-05-01 03:04:34,893984674,10,1703.995
1998-05-01 03:04:39,893984679,13,1435.515
1998-05-01 03:05:22,893984722,5,1423.773
1998-05-01 03:06:37,893984797,14,1724.634
1998-05-01 03:07:44,893984864,17,1525.991
1998-05-01 03:08:50,893984930,3,1272.438
1998-05-01 03:08:56,893984936,10,1428.319
1998-05-01 03:09:02,893984942,8,1885.916
1998-05-01 03:09:40,893984980,13,1433.628
1998-05-01 03:10:51,893985051,16,1280.537
1998-05-01 03:11:04,893985064,21,1281.411
1998-05-01 03:11:36,893985096,4,1277.924
1998-05-01 03:15:40,893985340,10,1243.7
1998-05-01 03:15:43,893985343,11,1321.297
1998-05-01 03:15:49,893985349,16,1342.546
1998-05-01 03:15:52,893985352,13,1156.807
1998-05-01 03:16:51,893985411,9,1326.646
1998-05-01 03:17:31,893985451,9,1423.955
1998-05-01 03:18:30,893985510,9,1484.092
1998-05-01 03:19:00,893985540,12,1323.536
1998-05-01 03:21:07,893985667,14,1293.056
1998-05-01 03:23:36,893985816,12,1232.689
1998-05-01 03:25:27,893985927,12,1444.264
1998-05-01 03:28:04,893986084,8,1421.934
1998-05-01 03:28:47,893986127,12,1444.095
1998-05-01 03:32:12,893986332,8,1336.526
1998-05-01 03:33:13,893986393,9,1278.486
1998-05-01 03:34:22,893986462,19,1292.728
1998-05-01 03:34:38,893986478,18,1348.067
1998-05-01 03:35:50,893986550,8,1307.691
1998-05-01 03:36:25,893986585,11,1429.92
1998-05-01 03:38:05,893986685,15,1529.231
1998-05-01 03:39:16,893986756,8,1341.26
1998-05-01 03:39:45,893986785,7,1432.728
1998-05-01 03:40:19,893986819,2,1272.486
1998-05-01 03:41:34,893986894,12,1287.517
1998-05-01 03:43:27,893987007,8,1426.046
1998-05-01 03:46:30,893987190,11,1455.086
1998-05-01 03:47:01,893987221,7,1470.119
1998-05-01 03:48:15,893987295,14,1593.561
1998-05-01 03:48:25,893987305,14,1429.083
1998-05-01 03:48:38,893987318,11,1313.111
1998-05-01 03:51:38,893987498,16,1448.206
1998-05-01 03:53:01,893987581,8,1463.974
1998-05-01 03:53:07,893987587,10,1333.23
1998-05-01 03:53:40,893987620,9,1311.72
1998-05-01 03:53:44,893987624,11,1424.421
1998-05-01 03:54:33,893987673,9,1337.653
1998-05-01 03:55:56,893987756,8,1477.597
1998-05-01 03:57:32,893987852,13,1335.849
1998-05-01 03:57:38,893987858,11,1279.572
1998-05-01 03:57:46,893987866,5,1424.666
1998-05-01 03:59:11,893987951,19,1520.299
1998-05-01 04:01:39,893988099,11,1429.434
1998-05-01 04:02:17,893988137,19,1425.123
1998-05-01 04:02:23,893988143,15,1502.318
1998-05-01 04:02:37,893988157,9,1295.578
1998-05-01 04:02:42,893988162,13,1451.004
1998-05-01 04:03:21,893988201,4,1421.181
1998-05-01 04:06:36,893988396,4,1320.292
1998-05-01 04:06:58,893988418,8,1428.784
1998-05-01 04:07:51,893988471,10,1386.795
1998-05-01 04:08:01,893988481,8,1309.092
1998-05-01 04:08:37,893988517,13,1730.644
1998-05-01 04:09:03,893988543,13,1540.015
1998-05-01 04:09:52,893988592,15,1287.054
1998-05-01 04:12:04,893988724,13,1397.546
1998-05-01 04:12:29,893988749,8,1275.595
1998-05-01 04:13:55,893988835,11,1336.566
1998-05-01 04:14:25,893988865,14,1768.208
1998-05-01 04:14:50,893988890,18,1456.872
1998-05-01 04:15:21,893988921,10,1688.171
1998-05-01 04:16:14,893988974,8,1295.758
1998-05-01 04:16:26,893988986,12,1292.234
1998-05-01 04:17:03,893989023,14,1238.319
1998-05-01 04:17:04,893989024,9,1444.694
1998-05-01 04:17:18,893989038,4,1285.814
1998-05-01 04:18:12,893989092,9,1317.287
1998-05-01 04:19:00,893989140,14,1286.232
1998-05-01 04:19:11,893989151,13,1387.246
1998-05-01 04:19:29,893989169,16,1447.074
1998-05-01 04:21:21,893989281,18,1301.688
1998-05-01 04:21:34,893989294,12,1557.972
1998-05-01 04:22:03,893989323,7,1456.613
1998-05-01 04:23:24,893989404,8,1320.596
1998-05-01 04:26:03,893989563,9,1284.72
1998-05-01 04:26:45,893989605,11,1404.129
1998-05-01 04:27:05,893989625,11,1376.96
1998-05-01 04:27:34,893989654,15,1489.987
1998-05-01 04:27:49,893989669,16,1523.993
1998-05-01 04:28:36,893989716,21,1386.413
1998-05-01 04:29:29,893989769,18,1311.46
1998-05-01 04:29:54,893989794,6,1282.017
1998-05-01 04:30:11,893989811,15,1301.206
1998-05-01 04:30:17,893989817,12,1514.054
1998-05-01 04:30:49,893989849,12,1283.253
1998-05-01 04:31:20,893989880,21,1286.697
1998-05-01 04:32:22,893989942,19,1297.447
1998-05-01 04:32:47,893989967,14,1475.711
1998-05-01 04:33:52,893990032,15,1302.761
1998-05-01 04:33:55,893990035,21,1297.615
1998-05-01 04:34:25,893990065,17,1475.891
1998-05-01 04:38:26,893990306,7,1301.122
1998-05-01 04:40:47,893990447,11,1462.985
1998-05-01 04:41:38,893990498,16,1327.198
1998-05-01 04:43:24,893990604,7,1422.82
1998-05-01 04:46:09,893990769,9,1293.493
1998-05-01 04:46:57,893990817,15,1489.058
1998-05-01 04:47:40,893990860,18,1284.005
1998-05-01 04:49:23,893990963,21,1539.702
1998-05-01 04:49:45,893990985,8,1305.014
1998-05-01 04:52:46,893991166,2,1278.627
1998-05-01 04:53:00,893991180,3,1276.784
1998-05-01 04:53:48,893991228,4,1364.359
1998-05-01 04:54:19,893991259,8,1442.616
1998-05-01 04:55:38,893991338,5,1273.84
1998-05-01 04:55:47,893991347,6,1433.54
1998-05-01 04:56:24,893991384,9,1279.051
1998-05-01 04:58:01,893991481,9,1432.283
1998-05-01 04:58:18,893991498,8,1342.057
1998-05-01 04:58:20,893991500,10,1335.689
1998-05-01 04:59:48,893991588,8,1443.389
1998-05-01 05:00:04,893991604,5,1441.076
1998-05-01 05:00:20,893991620,9,1453.226
1998-05-01 05:01:31,893991691,10,1365.328
1998-05-01 05:02:37,893991757,7,1424.931
1998-05-01 05:03:02,893991782,12,1362.823
1998-05-01 05:08:52,893992132,4,1529.107
1998-05-01 05:11:53,893992313,6,1276.091
1998-05-01 05:12:36,893992356,10,1279.649
1998-05-01 05:13:03,893992383,6,1481.979
1998-05-01 05:13:35,893992415,5,1273.53
1998-05-01 05:14:29,893992469,4,1364.378
1998-05-01 05:14:33,893992473,6,1364.27
1998-05-01 05:14:37,893992477,10,1365.954
1998-05-01 05:14:39,893992479,5,1440.31
1998-05-01 05:15:04,893992504,17,1431.576
1998-05-01 05:15:24,893992524,10,1436.192
1998-05-01 05:15:27,893992527,5,1334.825
1998-05-01 05:15:51,893992551,9,1322.098
1998-05-01 05:16:12,893992572,10,1309.516
1998-05-01 05:16:37,893992597,7,1448.861
1998-05-01 05:17:00,893992620,19,1323.32
1998-05-01 05:18:08,893992688,1,1419.393
1998-05-01 05:18:58,893992738,4,1436.779
1998-05-01 05:19:41,893992781,13,1314.408
1998-05-01 05:20:56,893992856,17,1521.616
1998-05-01 05:21:42,893992902,2,1419.534
1998-05-01 05:22:03,893992923,5,1426.226
1998-05-01 05:23:00,893992980,10,1422.471
1998-05-01 05:23:38,893993018,3,1524.244
1998-05-01 05:23:39,893993019,9,1283.498
1998-05-01 05:28:42,893993322,3,1370.459
1998-05-01 05:30:14,893993414,7,1247.764
1998-05-01 05:30:17,893993417,6,1231.239
1998-05-01 05:31:02,893993462,2,1421.133
1998-05-01 05:34:17,893993657,9,1430.813
1998-05-01 05:36:57,893993817,15,1444.059
1998-05-01 05:39:05,893993945,15,1365.992
1998-05-01 05:41:17,893994077,17,1496.656
1998-05-01 05:41:20,893994080,11,1440.4
1998-05-01 05:42:33,893994153,5,1284.92
1998-05-01 05:43:08,893994188,11,1291.74
1998-05-01 05:43:30,893994210,13,1470.145
1998-05-01 05:43:34,893994214,14,1455.565
1998-05-01 05:43:37,893994217,7,1426.36
1998-05-01 05:43:48,893994228,8,1282.881
1998-05-01 05:46:26,893994386,8,1428.174
1998-05-01 05:47:05,893994425,16,1448.919
1998-05-01 05:48:10,893994490,16,1325.795
1998-05-01 05:48:12,893994492,10,1566.206
1998-05-01 05:52:05,893994725,15,1455.927
1998-05-01 05:54:11,893994851,9,1292.357
1998-05-01 05:55:53,893994953,9,1985.441
1998-05-01 05:56:40,893995000,11,1552.285
1998-05-01 05:57:52,893995072,20,1311.946
1998-05-01 05:57:55,893995075,13,1310.254
1998-05-01 05:58:09,893995089,8,1276.527
1998-05-01 05:59:47,893995187,11,1330.299
1998-05-01 05:59:48,893995188,6,1435.192
1998-05-01 05:59:56,893995196,14,1314.109
1998-05-01 06:00:20,893995220,13,1434.725
1998-05-01 06:01:56,893995316,9,1505.527
1998-05-01 06:02:32,893995352,10,1448.941
1998-05-01 06:04:56,893995496,7,1277.196
1998-05-01 06:05:14,893995514,5,1234.122
1998-05-01 06:06:07,893995567,16,1243.392
1998-05-01 06:11:28,893995888,22,1539.772
1998-05-01 06:12:48,893995968,6,1288.998
1998-05-01 06:13:16,893995996,5,1243.7
1998-05-01 06:13:18,893995998,6,1686.734
1998-05-01 06:15:04,893996104,10,1289.126
1998-05-01 06:15:17,893996117,8,1520.688
1998-05-01 06:20:08,893996408,4,1268.12
1998-05-01 06:20:27,893996427,8,1470.647
1998-05-01 06:21:15,893996475,18,1436.901
1998-05-01 06:23:36,893996616,8,1473.043
1998-05-01 06:23:39,893996619,7,1282.067
1998-05-01 06:23:59,893996639,6,1274.752
1998-05-01 06:24:21,893996661,6,1278.319
1998-05-01 06:25:21,893996721,7,1314.457
1998-05-01 06:27:38,893996858,9,1301.99
1998-05-01 06:27:49,893996869,13,1380.394
1998-05-01 06:29:18,893996958,14,1458.974
1998-05-01 06:30:56,893997056,3,1280.638
1998-05-01 06:33:39,893997219,4,1948.595
1998-05-01 06:34:06,893997246,6,1420.586
1998-05-01 06:34:10,893997250,16,1444.228
1998-05-01 06:35:37,893997337,8,1463.268
1998-05-01 06:35:50,893997350,3,1275.76
1998-05-01 06:35:55,893997355,8,1294.971
1998-05-01 06:37:05,893997425,11,1285.032
1998-05-01 06:37:31,893997451,11,1432.583
1998-05-01 06:38:40,893997520,7,1284.178
1998-05-01 06:39:21,893997561,5,1429.908
1998-05-01 06:40:33,893997633,4,1272.842
1998-05-01 06:40:58,893997658,10,1304.548
1998-05-01 06:41:07,893997667,7,1247.995
1998-05-01 06:41:08,893997668,1,1272.12
1998-05-01 06:42:17,893997737,6,1288.444
1998-05-01 06:42:31,893997751,10,1336.486
1998-05-01 06:43:42,893997822,8,1302.094
1998-05-01 06:44:29,893997869,14,1451.575
1998-05-01 06:44:30,893997870,7,1427.94
1998-05-01 06:44:58,893997898,7,1426.601
1998-05-01 06:45:05,893997905,15,1240.938
1998-05-01 06:45:32,893997932,4,1227.526
1998-05-01 06:45:40,893997940,17,1564.381
1998-05-01 06:46:38,893997998,5,1376.268
1998-05-01 06:47:17,893998037,6,1288.668
1998-05-01 06:47:34,893998054,11,1423.088
1998-05-01 06:47:58,893998078,9,1430.584
1998-05-01 06:48:46,893998126,7,1457.865
1998-05-01 06:48:54,893998134,16,1326.213
1998-05-01 06:48:56,893998136,14,1285.401
1998-05-01 06:49:46,893998186,13,1446.641
1998-05-01 06:51:36,893998296,19,1331.291
1998-05-01 06:51:37,893998297,13,1421.306
1998-05-01 06:52:30,893998350,12,1469.118
1998-05-01 06:53:05,893998385,14,1341.675
1998-05-01 06:54:54,893998494,11,1284.095
1998-05-01 06:56:11,893998571,13,1350.08
1998-05-01 06:59:44,893998784,15,1291.81
1998-05-01 06:59:46,893998786,14,1242.427
1998-05-01 06:59:58,893998798,18,1345.746
1998-05-01 07:01:01,893998861,6,1307.35
1998-05-01 07:01:25,893998885,12,1415.76
1998-05-01 07:02:17,893998937,8,1281.815
1998-05-01 07:02:25,893998945,7,1281.092
1998-05-01 07:03:13,893998993,1,1419.393
1998-05-01 07:03:18,893998998,3,1273.89
1998-05-01 07:10:34,893999434,11,1451.423
1998-05-01 07:12:37,893999557,8,1952.672
1998-05-01 07:13:24,893999604,19,1405.214
1998-05-01 07:15:16,893999716,4,1368.707
1998-05-01 07:16:21,893999781,11,1692.513
1998-05-01 07:16:57,893999817,4,1428.331
1998-05-01 07:17:29,893999849,10,1320.383
1998-05-01 07:18:53,893999933,29,1450.633
1998-05-01 07:19:17,893999957,23,1990.54
1998-05-01 07:21:12,894000072,24,1273.117
1998-05-01 07:22:35,894000155,18,1238.498
1998-05-01 07:23:28,894000208,11,1431.766
1998-05-01 07:26:09,894000369,12,1367.924
1998-05-01 07:26:37,894000397,13,1500.771
1998-05-01 07:27:04,894000424,13,1473.29
1998-05-01 07:27:37,894000457,12,1455.895
1998-05-01 07:27:39,894000459,12,1292.125
1998-05-01 07:28:41,894000521,4,1674.71
1998-05-01 07:28:50,894000530,8,1296.001
1998-05-01 07:31:21,894000681,6,1277.486
1998-05-01 07:31:22,894000682,4,1277.305
1998-05-01 07:31:35,894000695,9,1726.988
1998-05-01 07:32:12,894000732,2,1391.947
1998-05-01 07:32:43,894000763,8,1278.246
1998-05-01 07:34:08,894000848,10,1277.98
1998-05-01 07:34:27,894000867,7,1488.255
1998-05-01 07:35:29,894000929,4,1391.856
1998-05-01 07:35:41,894000941,4,1273.493
1998-05-01 07:36:12,894000972,8,1428.771
1998-05-01 07:38:11,894001091,8,1416.4
1998-05-01 07:40:28,894001228,6,1352.843
1998-05-01 07:45:33,894001533,24,1368.578
1998-05-01 07:45:57,894001557,5,1274.241
1998-05-01 07:46:01,894001561,8,1422.584
1998-05-01 07:46:10,894001570,13,1304.941
1998-05-01 07:48:56,894001736,5,1276.297
1998-05-01 07:49:16,894001756,11,1441.074
1998-05-01 07:50:17,894001817,5,1274.822
1998-05-01 07:52:18,894001938,4,1276.804
1998-05-01 07:53:27,894002007,20,1518.739
1998-05-01 07:54:12,894002052,9,1332.182
1998-05-01 07:54:42,894002082,6,1281.306
1998-05-01 07:55:21,894002121,6,1355.578
1998-05-01 07:55:24,894002124,8,1272.742
1998-05-01 07:57:27,894002247,6,1278.299
1998-05-01 07:58:40,894002320,4,1947.939
1998-05-01 07:59:19,894002359,6,1700.822
1998-05-01 08:00:35,894002435,3,1341.692
1998-05-01 08:00:38,894002438,9,1249.853
1998-05-01 08:00:39,894002439,5,1387.934
1998-05-01 08:00:43,894002443,6,1335.451
1998-05-01 08:00:55,894002455,5,1343.59
1998-05-01 08:01:05,894002465,8,1342.446
1998-05-01 08:01:41,894002501,4,1324.659
1998-05-01 08:02:57,894002577,8,1974.494
1998-05-01 08:03:11,894002591,13,1296.378
1998-05-01 08:03:12,894002592,6,1464.169
1998-05-01 08:03:52,894002632,7,1299.98
1998-05-01 08:05:23,894002723,8,1274.338
1998-05-01 08:05:31,894002731,8,1273.328
1998-05-01 08:05:40,894002740,4,1275.655
1998-05-01 08:06:17,894002777,5,1279.829
1998-05-01 08:06:42,894002802,7,1359.865
1998-05-01 08:09:32,894002972,3,1288.026
1998-05-01 08:12:33,894003153,11,1319.321
1998-05-01 08:12:36,894003156,13,1446.449
1998-05-01 08:14:27,894003267,14,1361.329
1998-05-01 08:17:04,894003424,19,1293.354
1998-05-01 08:18:44,894003524,4,1275.689
1998-05-01 08:18:57,894003537,9,1435.783
1998-05-01 08:19:25,894003565,9,1420.131
1998-05-01 08:19:33,894003573,9,1315.121
1998-05-01 08:22:08,894003728,8,1449.289
1998-05-01 08:22:19,894003739,5,1276.549
1998-05-01 08:23:22,894003802,21,1493.161
1998-05-01 08:23:37,894003817,14,1302.611
1998-05-01 08:23:54,894003834,20,1460.093
1998-05-01 08:25:13,894003913,27,1506.712
1998-05-01 08:25:20,894003920,16,1373.549
1998-05-01 08:25:41,894003941,22,1352.435
1998-05-01 08:26:19,894003979,9,1455.674
1998-05-01 08:29:05,894004145,29,1485.731
1998-05-01 08:30:01,894004201,17,1310.656
1998-05-01 08:31:09,894004269,5,1297.096
1998-05-01 08:33:53,894004433,8,1292.416
1998-05-01 08:34:32,894004472,15,1320.063
1998-05-01 08:35:13,894004513,22,1490.756
1998-05-01 08:35:21,894004521,13,1419.075
1998-05-01 08:35:32,894004532,8,1284.219
1998-05-01 08:36:18,894004578,21,1311.02
1998-05-01 08:36:40,894004600,6,1965.738
1998-05-01 08:36:56,894004616,11,1293.32
1998-05-01 08:37:02,894004622,8,1277.8
1998-05-01 08:37:50,894004670,10,1324.157
1998-05-01 08:38:00,894004680,11,1338.523
1998-05-01 08:38:45,894004725,14,1451.155
1998-05-01 08:38:59,894004739,24,1469.898
1998-05-01 08:39:32,894004772,7,1963.264
1998-05-01 08:40:53,894004853,15,1429.71
1998-05-01 08:42:03,894004923,8,1290.691
1998-05-01 08:42:30,894004950,11,1457.2
1998-05-01 08:44:20,894005060,23,1363.089
1998-05-01 08:45:23,894005123,8,1318.668
1998-05-01 08:46:15,894005175,19,1320.768
1998-05-01 08:47:05,894005225,11,1378.761
1998-05-01 08:47:12,894005232,11,1427.356
1998-05-01 08:47:20,894005240,17,1312.966
1998-05-01 08:48:27,894005307,20,1400.467
1998-05-01 08:48:39,894005319,16,1340.117
1998-05-01 08:49:02,894005342,14,1177.264
1998-05-01 08:50:43,894005443,18,1516.989
1998-05-01 08:50:47,894005447,15,1451.525
1998-05-01 08:50:58,894005458,22,1332.019
1998-05-01 08:51:19,894005479,8,1429.905
1998-05-01 08:51:24,894005484,12,1439.82
1998-05-01 08:52:50,894005570,9,1331.251
1998-05-01 08:54:04,894005644,20,1352.101
1998-05-01 08:55:01,894005701,16,1346.171
1998-05-01 08:55:18,894005718,13,1425.034
1998-05-01 08:55:26,894005726,15,1369.713
1998-05-01 08:55:43,894005743,20,1413.674
1998-05-01 08:55:56,894005756,17,1507.595
1998-05-01 08:57:05,894005825,4,1274.194
1998-05-01 08:57:50,894005870,9,1341.363
1998-05-01 08:57:55,894005875,7,1431.089
1998-05-01 08:58:06,894005886,14,1353.754
1998-05-01 08:58:20,894005900,10,1280.392
1998-05-01 08:58:54,894005934,4,1285.779
1998-05-01 08:59:45,894005985,9,1346.02
1998-05-01 09:00:00,894006000,8,1306.596
1998-05-01 09:00:02,894006002,11,1453.687
1998-05-01 09:00:59,894006059,10,1929.201
1998-05-01 09:01:08,894006068,17,1465.3
1998-05-01 09:01:29,894006089,13,1427.886
1998-05-01 09:02:54,894006174,17,1405.093
1998-05-01 09:03:00,894006180,20,1464.539
1998-05-01 09:03:20,894006200,16,1457.282
1998-05-01 09:03:37,894006217,9,1369.676
1998-05-01 09:04:07,894006247,18,1459.319
1998-05-01 09:05:17,894006317,15,1520.899
1998-05-01 09:05:20,894006320,11,1354.299
1998-05-01 09:05:28,894006328,19,1310.019
1998-05-01 09:05:36,894006336,21,1342.378
1998-05-01 09:05:54,894006354,23,1365.21
1998-05-01 09:07:10,894006430,13,1489.838
1998-05-01 09:07:14,894006434,10,1492.559
1998-05-01 09:07:33,894006453,18,1490.561
1998-05-01 09:07:57,894006477,3,1353.781
1998-05-01 09:08:34,894006514,26,1523.45
1998-05-01 09:09:06,894006546,12,1281.843
1998-05-01 09:09:58,894006598,10,1536.95
1998-05-01 09:12:07,894006727,31,1338.163
1998-05-01 09:13:13,894006793,16,1608.894
1998-05-01 09:14:06,894006846,15,1480.32
1998-05-01 09:14:38,894006878,16,1446.258
1998-05-01 09:15:33,894006933,11,1289.738
1998-05-01 09:16:35,894006995,16,1501.804
1998-05-01 09:16:46,894007006,15,1302.023
1998-05-01 09:17:14,894007034,9,1299.583
1998-05-01 09:19:43,894007183,10,1311.186
1998-05-01 09:19:48,894007188,12,1514.703
1998-05-01 09:20:02,894007202,19,1452.825
1998-05-01 09:21:02,894007262,10,1435.349
1998-05-01 09:21:56,894007316,19,1526.401
1998-05-01 09:22:39,894007359,7,1290.033
1998-05-01 09:24:32,894007472,9,1533.287
1998-05-01 09:24:34,894007474,8,1562.644
1998-05-01 09:25:27,894007527,11,1526.915
1998-05-01 09:25:41,894007541,8,1511.926
1998-05-01 09:26:21,894007581,11,1473.445
1998-05-01 09:26:26,894007586,18,1329.064
1998-05-01 09:26:59,894007619,11,1309.78
1998-05-01 09:27:00,894007620,13,1532.533
1998-05-01 09:27:17,894007637,11,1434.89
1998-05-01 09:29:24,894007764,10,1736.641
1998-05-01 09:29:34,894007774,11,1325.355
1998-05-01 09:29:48,894007788,7,1299.977
1998-05-01 09:30:13,894007813,8,1254.208
1998-05-01 09:30:19,894007819,15,1012.459
1998-05-01 09:30:28,894007828,9,1327.574
1998-05-01 09:30:34,894007834,12,1382.807
1998-05-01 09:31:38,894007898,17,1497.873
1998-05-01 09:31:41,894007901,14,1964.246
1998-05-01 09:31:44,894007904,9,1954.807
1998-05-01 09:31:48,894007908,7,1987.525
1998-05-01 09:31:59,894007919,9,1286.508
1998-05-01 09:32:26,894007946,12,1436.654
1998-05-01 09:32:36,894007956,15,1458.531
1998-05-01 09:32:59,894007979,8,1425.043
1998-05-01 09:33:20,894008000,13,1967.975
1998-05-01 09:33:35,894008015,8,1278.361
1998-05-01 09:33:36,894008016,7,1442.61
1998-05-01 09:33:57,894008037,16,1416.784
1998-05-01 09:34:06,894008046,19,1441.722
1998-05-01 09:35:02,894008102,6,1971.877
1998-05-01 09:35:24,894008124,10,1417.634
1998-05-01 09:35:48,894008148,12,1308.38
1998-05-01 09:36:56,894008216,10,1440.187
1998-05-01 09:36:57,894008217,16,1721.495
1998-05-01 09:37:46,894008266,15,1453.016
1998-05-01 09:38:12,894008292,8,1452.915
1998-05-01 09:38:23,894008303,13,1293.307
1998-05-01 09:40:07,894008407,28,1295.008
1998-05-01 09:40:11,894008411,16,1550.494
1998-05-01 09:40:57,894008457,13,1456.977
1998-05-01 09:41:23,894008483,6,1275.106
1998-05-01 09:41:36,894008496,9,1281.012
1998-05-01 09:42:15,894008535,7,1277.297
1998-05-01 09:46:31,894008791,13,1701.792
1998-05-01 09:47:26,894008846,12,1468.029
1998-05-01 09:47:32,894008852,16,1453.671
1998-05-01 09:50:24,894009024,19,1321.62
1998-05-01 09:50:29,894009029,30,1348.29
1998-05-01 09:51:48,894009108,22,1338.856
1998-05-01 09:52:44,894009164,11,1440.691
1998-05-01 09:53:16,894009196,17,1459.258
1998-05-01 09:53:54,894009234,15,1285.484
1998-05-01 09:54:04,894009244,26,1496.917
1998-05-01 09:54:07,894009247,19,1282.277
1998-05-01 09:55:01,894009301,18,1463.335
1998-05-01 09:55:59,894009359,11,1378.895
1998-05-01 09:56:17,894009377,15,1310.446
1998-05-01 09:56:21,894009381,27,1434.66
1998-05-01 09:56:27,894009387,11,1285.138
1998-05-01 09:56:40,894009400,10,1414.341
1998-05-01 09:58:04,894009484,8,1437.877
1998-05-01 09:58:14,894009494,10,1335.609
1998-05-01 09:58:51,894009531,14,1497.381
1998-05-01 09:58:55,894009535,27,1459.43
1998-05-01 09:58:56,894009536,26,1468.394
1998-05-01 09:59:01,894009541,17,1362.486
1998-05-01 09:59:09,894009549,10,1734.981
1998-05-01 10:00:06,894009606,17,1422.091
1998-05-01 10:00:18,894009618,13,1398.732
1998-05-01 10:01:06,894009666,12,1447.536
1998-05-01 10:01:28,894009688,9,1306.593
1998-05-01 10:01:33,894009693,11,1341.398
1998-05-01 10:01:52,894009712,16,1851.778
1998-05-01 10:01:57,894009717,12,1296.768
1998-05-01 10:01:59,894009719,18,1538.666
1998-05-01 10:02:34,894009754,20,1476.372
1998-05-01 10:03:27,894009807,18,1328.045
1998-05-01 10:04:04,894009844,13,1313.523
1998-05-01 10:04:16,894009856,14,1404.596
1998-05-01 10:04:34,894009874,16,1345.283
1998-05-01 10:04:45,894009885,17,1276.524
1998-05-01 10:05:37,894009937,27,1469.368
1998-05-01 10:06:30,894009990,15,1594.506
1998-05-01 10:06:44,894010004,19,1313.145
1998-05-01 10:07:10,894010030,22,1335.758
1998-05-01 10:07:11,894010031,16,1359.861
1998-05-01 10:09:30,894010170,7,1280.072
1998-05-01 10:09:50,894010190,5,1294.396
1998-05-01 10:10:56,894010256,12,1691.275
1998-05-01 10:12:32,894010352,7,1333
1998-05-01 10:12:51,894010371,11,1415.913
1998-05-01 10:13:14,894010394,13,1314.059
1998-05-01 10:13:39,894010419,8,1340.11
1998-05-01 10:13:58,894010438,1,1379.378
1998-05-01 10:15:55,894010555,2,1286.954
1998-05-01 10:17:36,894010656,23,1475.212
1998-05-01 10:19:01,894010741,9,1321.492
1998-05-01 10:19:50,894010790,12,1288.585
1998-05-01 10:20:07,894010807,9,1322.169
1998-05-01 10:20:17,894010817,23,1534.419
1998-05-01 10:21:05,894010865,11,1303.759
1998-05-01 10:21:26,894010886,9,1280.677
1998-05-01 10:22:49,894010969,18,1543.409
1998-05-01 10:23:34,894011014,22,1729.533
1998-05-01 10:24:05,894011045,12,1298.11
1998-05-01 10:26:00,894011160,17,1452.019
1998-05-01 10:26:19,894011179,20,1439.842
1998-05-01 10:26:44,894011204,21,1374.567
1998-05-01 10:26:45,894011205,23,1382.515
1998-05-01 10:28:01,894011281,25,1323.403
1998-05-01 10:28:23,894011303,11,1283.581
1998-05-01 10:28:26,894011306,16,1378.574
1998-05-01 10:28:41,894011321,13,1296.967
1998-05-01 10:28:46,894011326,11,1303.307
1998-05-01 10:29:07,894011347,15,1325.937
1998-05-01 10:29:11,894011351,9,1400.956
1998-05-01 10:30:01,894011401,4,1948.141
1998-05-01 10:30:10,894011410,14,1453.533
1998-05-01 10:32:34,894011554,11,1419.807
1998-05-01 10:34:16,894011656,12,1378.445
1998-05-01 10:34:46,894011686,8,1500.932
1998-05-01 10:37:00,894011820,10,1428.354
1998-05-01 10:38:10,894011890,12,1378.267
1998-05-01 10:38:31,894011911,11,1488.878
1998-05-01 10:38:46,894011926,11,1447.129
1998-05-01 10:39:09,894011949,8,1426.825
1998-05-01 10:39:10,894011950,12,1307.903
1998-05-01 10:39:23,894011963,10,1347.432
1998-05-01 10:40:47,894012047,7,1434.997
1998-05-01 10:42:11,894012131,22,1361.393
1998-05-01 10:43:32,894012212,12,1443.275
1998-05-01 10:43:49,894012229,15,1508.312
1998-05-01 10:43:58,894012238,18,1787.43
1998-05-01 10:44:30,894012270,21,1510.08
1998-05-01 10:44:48,894012288,11,1422.485
1998-05-01 10:45:39,894012339,22,1259.83
1998-05-01 10:46:28,894012388,16,1439.732
1998-05-01 10:46:58,894012418,13,1458.825
1998-05-01 10:47:59,894012479,10,1295.529
1998-05-01 10:48:24,894012504,7,1238.356
1998-05-01 10:48:28,894012508,7,1307.67
1998-05-01 10:51:05,894012665,13,1296.819
1998-05-01 10:51:19,894012679,13,1289.336
1998-05-01 10:51:42,894012702,25,1291.772
1998-05-01 10:51:56,894012716,12,1341.444
1998-05-01 10:52:15,894012735,16,1394.026
1998-05-01 10:52:32,894012752,11,1421.786
1998-05-01 10:53:22,894012802,8,1449.718
1998-05-01 10:53:24,894012804,15,1318.395
1998-05-01 10:54:27,894012867,18,1514.285
1998-05-01 10:54:47,894012887,11,1322.497
1998-05-01 10:55:02,894012902,6,1429.932
1998-05-01 10:55:39,894012939,10,1321.23
1998-05-01 10:55:46,894012946,4,1276.223
1998-05-01 10:56:11,894012971,12,1300.028
1998-05-01 10:56:17,894012977,12,1921.296
1998-05-01 10:56:18,894012978,2,1419.58
1998-05-01 10:56:25,894012985,10,1468.816
1998-05-01 10:56:33,894012993,16,1305
1998-05-01 10:56:49,894013009,15,1713.236
1998-05-01 10:59:49,894013189,14,1507.483
1998-05-01 11:00:25,894013225,14,1374.974
1998-05-01 11:00:54,894013254,25,1745.78
1998-05-01 11:01:54,894013314,21,1322.464
1998-05-01 11:02:37,894013357,19,1341.107
1998-05-01 11:03:30,894013410,22,1319.459
1998-05-01 11:04:44,894013484,22,1508.764
1998-05-01 11:05:43,894013543,9,1469.472
1998-05-01 11:05:56,894013556,10,1312.102
1998-05-01 11:06:21,894013581,6,1957.577
1998-05-01 11:06:28,894013588,7,1294.643
1998-05-01 11:06:49,894013609,17,1500.091
1998-05-01 11:07:13,894013633,17,1370.071
1998-05-01 11:07:19,894013639,13,1357.586
1998-05-01 11:07:26,894013646,16,1551.748
1998-05-01 11:09:20,894013760,14,1300.787
1998-05-01 11:11:49,894013909,15,1438.041
1998-05-01 11:12:08,894013928,21,1297.473
1998-05-01 11:12:18,894013938,14,1341.668
1998-05-01 11:12:41,894013961,17,1405.297
1998-05-01 11:13:03,894013983,14,1715.362
1998-05-01 11:13:17,894013997,14,1445.276
1998-05-01 11:15:14,894014114,9,1283.71
1998-05-01 11:15:25,894014125,8,1440.888
1998-05-01 11:17:18,894014238,15,1309.805
1998-05-01 11:18:21,894014301,11,1322.374
1998-05-01 11:18:48,894014328,27,1465.069
1998-05-01 11:19:38,894014378,17,1366.483
1998-05-01 11:21:12,894014472,16,1911.724
1998-05-01 11:21:28,894014488,5,1454.837
1998-05-01 11:21:34,894014494,10,1301.092
1998-05-01 11:21:37,894014497,17,1516.245
1998-05-01 11:22:36,894014556,8,1514.25
1998-05-01 11:23:55,894014635,11,1953.74
1998-05-01 11:24:29,894014669,18,1308.499
1998-05-01 11:25:26,894014726,20,1345.427
1998-05-01 11:25:29,894014729,11,1443.472
1998-05-01 11:25:52,894014752,20,1480.684
1998-05-01 11:27:50,894014870,13,1309.382
1998-05-01 11:27:51,894014871,10,1330.911
1998-05-01 11:28:36,894014916,12,1368.643
1998-05-01 11:28:46,894014926,14,1495.144
1998-05-01 11:29:36,894014976,17,1331.224
1998-05-01 11:29:52,894014992,10,1283.883
1998-05-01 11:30:51,894015051,10,1702.911
1998-05-01 11:32:05,894015125,19,1531.959
1998-05-01 11:32:17,894015137,5,1422.524
1998-05-01 11:32:18,894015138,9,1444.879
1998-05-01 11:32:42,894015162,19,1319.663
1998-05-01 11:32:45,894015165,26,1389.497
1998-05-01 11:32:59,894015179,8,1426.375
1998-05-01 11:33:21,894015201,11,1438.51
1998-05-01 11:34:02,894015242,11,1298.736
1998-05-01 11:36:16,894015376,15,1436.549
1998-05-01 11:37:31,894015451,17,1532.161
1998-05-01 11:37:54,894015474,14,1895.705
1998-05-01 11:38:51,894015531,21,1334.472
1998-05-01 11:38:57,894015537,12,1303.374
1998-05-01 11:39:25,894015565,20,1381.874
1998-05-01 11:40:04,894015604,10,1505.375
1998-05-01 11:40:15,894015615,7,1399.571
1998-05-01 11:40:52,894015652,17,1442.512
1998-05-01 11:40:58,894015658,15,1390.673
1998-05-01 11:41:44,894015704,13,1303.47
1998-05-01 11:41:49,894015709,13,1429.093
1998-05-01 11:41:56,894015716,11,1326.07
1998-05-01 11:42:01,894015721,15,1712.627
1998-05-01 11:43:31,894015811,24,1969.359
1998-05-01 11:44:00,894015840,26,1330.763
1998-05-01 11:44:04,894015844,26,1828.856
1998-05-01 11:44:06,894015846,16,1289.961
1998-05-01 11:44:09,894015849,9,1229.285
1998-05-01 11:44:11,894015851,11,1337.992
1998-05-01 11:44:26,894015866,18,1303.166
1998-05-01 11:44:39,894015879,23,1468.349
1998-05-01 11:44:51,894015891,17,1681.483
1998-05-01 11:45:19,894015919,17,1478.399
1998-05-01 11:46:10,894015970,13,1473.006
1998-05-01 11:46:42,894016002,7,1525.903
1998-05-01 11:48:18,894016098,9,1520.731
1998-05-01 11:49:16,894016156,9,1284.93
1998-05-01 11:50:30,894016230,13,1345.453
1998-05-01 11:50:41,894016241,11,1335.861
1998-05-01 11:50:46,894016246,13,1276.932
1998-05-01 11:51:06,894016266,12,1432.016
1998-05-01 11:52:00,894016320,7,1401.44
1998-05-01 11:52:38,894016358,19,1529.119
1998-05-01 11:52:58,894016378,11,1271.067
1998-05-01 11:53:11,894016391,8,1288.059
1998-05-01 11:54:32,894016472,12,1257.539
1998-05-01 11:54:44,894016484,23,1296.404
1998-05-01 11:55:46,894016546,17,1460.375
1998-05-01 11:56:13,894016573,23,1735.903
1998-05-01 11:57:44,894016664,10,1706.63
1998-05-01 11:58:34,894016714,11,1426.822
1998-05-01 11:58:47,894016727,15,1500.946
1998-05-01 12:00:00,894016800,19,1355.623
1998-05-01 12:01:47,894016907,22,1722.149
1998-05-01 12:02:02,894016922,17,1308.995
1998-05-01 12:02:43,894016963,4,1275.81
1998-05-01 12:03:49,894017029,17,1347.088
1998-05-01 12:05:00,894017100,21,1529.408
1998-05-01 12:05:37,894017137,13,1327.601
1998-05-01 12:06:01,894017161,21,1305.17
1998-05-01 12:06:14,894017174,12,1439.259
1998-05-01 12:07:02,894017222,10,1281.522
1998-05-01 12:07:26,894017246,10,1341.34
1998-05-01 12:07:36,894017256,11,1442.887
1998-05-01 12:08:12,894017292,20,1302.435
1998-05-01 12:08:57,894017337,15,1332.524
1998-05-01 12:08:58,894017338,22,1348.066
1998-05-01 12:09:18,894017358,13,1520.664
1998-05-01 12:09:32,894017372,26,1459.568
1998-05-01 12:09:41,894017381,27,1537.203
1998-05-01 12:10:40,894017440,11,1330.455
1998-05-01 12:10:54,894017454,22,1477.147
1998-05-01 12:11:31,894017491,12,1477.905
1998-05-01 12:11:37,894017497,39,1357.882
1998-05-01 12:12:05,894017525,25,1318.784
1998-05-01 12:12:19,894017539,19,1332.442
1998-05-01 12:13:37,894017617,16,1464.256
1998-05-01 12:14:34,894017674,12,1481.773
1998-05-01 12:15:41,894017741,16,1752.25
1998-05-01 12:15:45,894017745,21,1727.483
1998-05-01 12:16:01,894017761,12,1436.246
1998-05-01 12:16:03,894017763,17,1445.48
1998-05-01 12:16:21,894017781,15,1310.994
1998-05-01 12:16:24,894017784,18,1510.081
1998-05-01 12:16:52,894017812,12,1471.939
1998-05-01 12:17:05,894017825,14,1352.329
1998-05-01 12:18:10,894017890,15,1523.127
1998-05-01 12:19:13,894017953,18,1384.59
1998-05-01 12:19:21,894017961,13,1440.348
1998-05-01 12:19:26,894017966,18,1118.015
1998-05-01 12:20:11,894018011,19,1268.667
1998-05-01 12:22:28,894018148,10,1440.562
1998-05-01 12:23:16,894018196,22,1263.493
1998-05-01 12:24:16,894018256,24,1378.345
1998-05-01 12:24:44,894018284,25,1351.867
1998-05-01 12:25:28,894018328,13,1315.865
1998-05-01 12:26:35,894018395,13,1433.447
1998-05-01 12:27:07,894018427,8,1309.978
1998-05-01 12:27:16,894018436,12,1412.491
1998-05-01 12:27:31,894018451,17,1307.809
1998-05-01 12:28:34,894018514,16,1289.556
1998-05-01 12:29:18,894018558,16,1391.522
1998-05-01 12:29:31,894018571,21,1284.443
1998-05-01 12:31:39,894018699,10,1446.935
1998-05-01 12:31:44,894018704,18,1390.232
1998-05-01 12:32:32,894018752,22,1340.386
1998-05-01 12:32:48,894018768,15,1459.473
1998-05-01 12:33:50,894018830,30,1500.121
1998-05-01 12:33:57,894018837,11,1460.839
1998-05-01 12:34:42,894018882,22,1478.835
1998-05-01 12:35:30,894018930,17,1508.567
1998-05-01 12:36:05,894018965,21,1417.017
1998-05-01 12:36:50,894019010,24,1964.229
1998-05-01 12:37:01,894019021,25,1406.181
1998-05-01 12:37:57,894019077,20,1584.435
1998-05-01 12:37:58,894019078,23,1560.666
1998-05-01 12:38:56,894019136,23,1353.683
1998-05-01 12:38:58,894019138,28,1416.223
1998-05-01 12:39:08,894019148,17,1299.346
1998-05-01 12:39:10,894019150,18,1549.644
1998-05-01 12:39:16,894019156,23,1452.373
1998-05-01 12:40:50,894019250,8,1430.092
1998-05-01 12:40:57,894019257,33,1375.09
1998-05-01 12:41:49,894019309,24,1300.778
1998-05-01 12:42:24,894019344,16,1378.247
1998-05-01 12:42:56,894019376,14,1559.216
1998-05-01 12:43:16,894019396,31,1537.012
1998-05-01 12:43:34,894019414,20,1304.923
1998-05-01 12:44:52,894019492,26,1509.735
1998-05-01 12:45:22,894019522,9,1285.073
1998-05-01 12:45:23,894019523,19,1453.423
1998-05-01 12:45:24,894019524,12,1436.307
1998-05-01 12:45:26,894019526,15,1504.437
1998-05-01 12:45:55,894019555,12,1303.64
1998-05-01 12:46:07,894019567,13,1320.217
1998-05-01 12:46:10,894019570,9,1978.857
1998-05-01 12:46:21,894019581,12,1458.525
1998-05-01 12:46:32,894019592,17,1371.203
1998-05-01 12:47:05,894019625,19,1427.632
1998-05-01 12:47:34,894019654,20,1508.295
1998-05-01 12:50:15,894019815,32,1338.991
1998-05-01 12:50:40,894019840,10,1296.041
1998-05-01 12:50:51,894019851,22,1311.025
1998-05-01 12:51:14,894019874,17,1301.22
1998-05-01 12:51:32,894019892,27,1498.645
1998-05-01 12:51:48,894019908,15,1488.1
1998-05-01 12:52:02,894019922,38,1379.169
1998-05-01 12:52:08,894019928,13,1344.891
1998-05-01 12:52:57,894019977,9,1360.24
1998-05-01 12:53:24,894020004,12,1520.41
1998-05-01 12:54:54,894020094,18,1291.707
1998-05-01 12:55:35,894020135,11,1283.787
1998-05-01 12:55:44,894020144,18,1461
1998-05-01 12:56:40,894020200,17,1480.464
1998-05-01 12:57:05,894020225,18,1324.429
1998-05-01 12:57:08,894020228,18,1312.51
1998-05-01 12:57:38,894020258,31,1340.836
1998-05-01 12:57:48,894020268,20,1442.065
1998-05-01 12:58:21,894020301,14,1285.112
1998-05-01 12:58:29,894020309,22,1470.737
1998-05-01 12:58:53,894020333,26,1459.954
1998-05-01 12:59:36,894020376,16,1433.833
1998-05-01 13:00:08,894020408,19,1451.698
1998-05-01 13:00:31,894020431,13,1442.804
1998-05-01 13:01:45,894020505,20,1423.523
1998-05-01 13:01:51,894020511,13,1352.282
1998-05-01 13:02:34,894020554,19,1436.247
1998-05-01 13:02:43,894020563,22,1532.074
1998-05-01 13:03:19,894020599,14,1407.947
1998-05-01 13:03:33,894020613,27,1301.156
1998-05-01 13:04:37,894020677,15,1319.59
1998-05-01 13:04:38,894020678,19,1463.865
1998-05-01 13:05:12,894020712,15,1457.894
1998-05-01 13:05:17,894020717,14,1300.088
1998-05-01 13:05:30,894020730,15,1343.236
1998-05-01 13:05:49,894020749,20,1497.362
1998-05-01 13:05:50,894020750,23,1322.646
1998-05-01 13:06:09,894020769,13,1243.247
1998-05-01 13:06:10,894020770,31,1575.013
1998-05-01 13:06:32,894020792,21,1436.19
1998-05-01 13:08:14,894020894,20,1287.246
1998-05-01 13:08:22,894020902,20,1341.854
1998-05-01 13:08:44,894020924,5,1282.846
1998-05-01 13:09:08,894020948,15,1311.996
1998-05-01 13:09:27,894020967,31,1529.575
1998-05-01 13:09:48,894020988,13,1426.794
1998-05-01 13:09:55,894020995,10,1483.471
1998-05-01 13:09:56,894020996,19,1520.144
1998-05-01 13:10:25,894021025,17,1326.246
1998-05-01 13:11:07,894021067,15,1347.899
1998-05-01 13:11:46,894021106,26,1366.993
1998-05-01 13:12:35,894021155,17,1294.856
1998-05-01 13:12:39,894021159,20,1405.155
1998-05-01 13:13:42,894021222,21,1350.057
1998-05-01 13:13:47,894021227,27,1804.898
1998-05-01 13:13:49,894021229,19,1265.211
1998-05-01 13:14:04,894021244,9,1286.724
1998-05-01 13:14:05,894021245,30,1784.545
1998-05-01 13:17:00,894021420,16,1440.543
1998-05-01 13:17:13,894021433,31,1797.905
1998-05-01 13:17:24,894021444,20,1415.194
1998-05-01 13:18:07,894021487,19,1742.138
1998-05-01 13:18:17,894021497,17,1315.839
1998-05-01 13:18:53,894021533,15,1414.297
1998-05-01 13:19:40,894021580,16,1300.48
1998-05-01 13:19:59,894021599,15,1467.09
1998-05-01 13:20:00,894021600,16,1396.38
1998-05-01 13:20:34,894021634,23,1305.09
1998-05-01 13:20:36,894021636,24,1518.329
1998-05-01 13:20:44,894021644,21,1313.232
1998-05-01 13:20:50,894021650,12,1323.886
1998-05-01 13:20:57,894021657,10,1310.653
1998-05-01 13:22:49,894021769,24,1406.518
1998-05-01 13:22:59,894021779,27,1438.011
1998-05-01 13:23:01,894021781,24,1497.706
1998-05-01 13:23:58,894021838,10,1298.465
1998-05-01 13:24:27,894021867,15,1281.467
1998-05-01 13:25:40,894021940,14,1314.625
1998-05-01 13:27:31,894022051,7,1347.502
1998-05-01 13:28:13,894022093,7,1302.248
1998-05-01 13:28:17,894022097,5,1431.041
1998-05-01 13:28:36,894022116,18,1554.472
1998-05-01 13:31:04,894022264,19,1402.031
1998-05-01 13:32:53,894022373,9,1713.013
1998-05-01 13:33:11,894022391,14,1711.981
1998-05-01 13:33:47,894022427,17,1465.922
1998-05-01 13:34:11,894022451,10,1472.503
1998-05-01 13:34:30,894022470,19,1331.857
1998-05-01 13:34:46,894022486,8,1302.786
1998-05-01 13:36:03,894022563,19,1401.238
1998-05-01 13:36:36,894022596,27,1498.254
1998-05-01 13:37:13,894022633,7,1472.074
1998-05-01 13:37:32,894022652,19,1297.717
1998-05-01 13:38:09,894022689,27,1376.237
1998-05-01 13:38:35,894022715,28,1352.54
1998-05-01 13:42:00,894022920,16,1330.46
1998-05-01 13:43:11,894022991,14,1334.119
1998-05-01 13:43:22,894023002,33,1551.573
1998-05-01 13:44:50,894023090,31,1476.846
1998-05-01 13:45:44,894023144,16,1461.476
1998-05-01 13:46:15,894023175,18,1471.919
1998-05-01 13:46:21,894023181,10,1459.173
1998-05-01 13:46:36,894023196,12,1494.318
1998-05-01 13:46:54,894023214,16,1445.17
1998-05-01 13:47:11,894023231,34,1556.597
1998-05-01 13:47:31,894023251,17,1399.121
1998-05-01 13:48:04,894023284,15,1704.898
1998-05-01 13:48:06,894023286,15,1797.304
1998-05-01 13:48:25,894023305,22,1310.574
1998-05-01 13:48:39,894023319,13,1325.221
1998-05-01 13:49:21,894023361,9,1254.827
1998-05-01 13:49:22,894023362,13,1702.026
1998-05-01 13:49:50,894023390,13,1379.852
1998-05-01 13:50:04,894023404,11,1324.144
1998-05-01 13:50:34,894023434,24,1342.432
1998-05-01 13:50:45,894023445,17,1378.767
1998-05-01 13:51:49,894023509,6,1283.397
1998-05-01 13:54:40,894023680,13,1414.985
1998-05-01 13:54:56,894023696,13,1282.547
1998-05-01 13:56:25,894023785,9,1443.051
1998-05-01 13:56:45,894023805,19,1733.289
1998-05-01 13:56:55,894023815,16,1330.17
1998-05-01 13:57:05,894023825,24,1486.131
1998-05-01 13:57:46,894023866,8,1427.129
1998-05-01 13:59:48,894023988,11,1293.504
1998-05-01 13:59:55,894023995,14,1341.133
1998-05-01 14:00:12,894024012,16,1344.925
1998-05-01 14:00:21,894024021,11,1353.593
1998-05-01 14:00:49,894024049,12,1427.106
1998-05-01 14:01:00,894024060,6,1294.738
1998-05-01 14:01:18,894024078,23,1379.108
1998-05-01 14:01:37,894024097,19,1335.249
1998-05-01 14:02:28,894024148,20,1334.688
1998-05-01 14:02:33,894024153,17,1442.418
1998-05-01 14:02:44,894024164,15,1439.603
1998-05-01 14:02:49,894024169,20,1422.963
1998-05-01 14:02:52,894024172,15,1085.353
1998-05-01 14:03:07,894024187,11,1332.82
1998-05-01 14:03:15,894024195,26,1488.636
1998-05-01 14:03:36,894024216,20,1422.176
1998-05-01 14:03:37,894024217,18,1485.024
1998-05-01 14:03:40,894024220,20,1334.8
1998-05-01 14:03:50,894024230,24,1416.258
1998-05-01 14:04:08,894024248,19,1487.321
1998-05-01 14:04:24,894024264,27,1572.745
1998-05-01 14:04:29,894024269,16,1371.133
1998-05-01 14:04:33,894024273,26,1385.472
1998-05-01 14:04:37,894024277,35,1469.518
1998-05-01 14:04:56,894024296,20,1363.398
1998-05-01 14:04:59,894024299,28,1439.399
1998-05-01 14:05:09,894024309,24,1408.24
1998-05-01 14:05:30,894024330,35,1547.952
1998-05-01 14:06:32,894024392,27,1658.057
1998-05-01 14:07:48,894024468,25,1401.387
1998-05-01 14:08:26,894024506,12,1348.495
1998-05-01 14:08:46,894024526,15,1962.187
1998-05-01 14:08:47,894024527,11,1367.276
1998-05-01 14:08:49,894024529,13,1441.533
1998-05-01 14:08:53,894024533,26,1512.595
1998-05-01 14:08:55,894024535,19,1499.17
1998-05-01 14:09:06,894024546,28,1314.867
1998-05-01 14:10:30,894024630,30,1510.021
1998-05-01 14:10:44,894024644,32,1361.67
1998-05-01 14:10:52,894024652,8,1321.553
1998-05-01 14:11:04,894024664,12,1398.083
1998-05-01 14:11:17,894024677,16,1352.716
1998-05-01 14:11:18,894024678,14,1299.25
1998-05-01 14:12:14,894024734,34,1595.001
1998-05-01 14:12:57,894024777,25,1338.633
1998-05-01 14:13:56,894024836,12,1358.884
1998-05-01 14:15:15,894024915,35,1383.289
1998-05-01 14:15:38,894024938,30,1355.303
1998-05-01 14:15:51,894024951,23,1536.204
1998-05-01 14:15:54,894024954,32,1458.559
1998-05-01 14:15:56,894024956,43,1425.433
1998-05-01 14:16:33,894024993,18,1456.888
1998-05-01 14:16:51,894025011,25,1324.623
1998-05-01 14:17:23,894025043,17,1590.754
1998-05-01 14:17:28,894025048,17,1946.949
1998-05-01 14:17:35,894025055,13,1338.522
1998-05-01 14:18:36,894025116,17,1491.367
1998-05-01 14:20:35,894025235,18,1492.035
1998-05-01 14:20:53,894025253,29,1368.428
1998-05-01 14:22:13,894025333,26,1460.354
1998-05-01 14:22:52,894025372,21,1529.835
1998-05-01 14:23:04,894025384,21,1328.154
1998-05-01 14:23:10,894025390,17,1506.118
1998-05-01 14:23:13,894025393,9,1380.515
1998-05-01 14:23:42,894025422,19,1521.938
1998-05-01 14:24:08,894025448,19,1489.628
1998-05-01 14:24:31,894025471,12,1461.599
1998-05-01 14:25:06,894025506,19,1480.352
1998-05-01 14:25:07,894025507,23,1314.04
1998-05-01 14:25:27,894025527,21,1332.491
1998-05-01 14:26:26,894025586,25,1391.484
1998-05-01 14:26:46,894025606,26,1379.946
1998-05-01 14:26:50,894025610,31,1512.567
1998-05-01 14:27:12,894025632,27,1322.013
1998-05-01 14:27:40,894025660,18,1287.83
1998-05-01 14:27:41,894025661,26,1544.173
1998-05-01 14:27:59,894025679,28,1067.271
1998-05-01 14:30:57,894025857,22,1457.962
1998-05-01 14:31:30,894025890,18,1275.022
1998-05-01 14:31:41,894025901,23,1299.538
1998-05-01 14:31:55,894025915,20,1407.315
1998-05-01 14:31:56,894025916,11,1501.324
1998-05-01 14:32:39,894025959,18,1255.979
1998-05-01 14:32:42,894025962,22,1323.354
1998-05-01 14:33:08,894025988,18,1323.36
1998-05-01 14:33:12,894025992,29,1569.508
1998-05-01 14:33:19,894025999,22,1336.593
1998-05-01 14:33:49,894026029,14,1358.045
1998-05-01 14:34:34,894026074,23,1460.742
1998-05-01 14:34:40,894026080,18,1297.762
1998-05-01 14:34:41,894026081,27,1537.721
1998-05-01 14:34:52,894026092,16,1293.472
1998-05-01 14:35:23,894026123,24,1378.063
1998-05-01 14:35:47,894026147,19,1322.661
1998-05-01 14:35:49,894026149,19,1356.431
1998-05-01 14:38:22,894026302,19,1292.575
1998-05-01 14:38:47,894026327,18,1454.539
1998-05-01 14:38:48,894026328,13,1439.756
1998-05-01 14:39:00,894026340,27,1558.903
1998-05-01 14:39:04,894026344,15,1511.19
1998-05-01 14:39:09,894026349,24,1474.393
1998-05-01 14:40:25,894026425,31,1323.082
1998-05-01 14:41:35,894026495,21,1564.022
1998-05-01 14:41:53,894026513,23,1456.299
1998-05-01 14:42:03,894026523,22,1338.831
1998-05-01 14:42:37,894026557,40,1364.739
1998-05-01 14:43:06,894026586,21,1494.918
1998-05-01 14:43:30,894026610,30,1337.35
1998-05-01 14:43:32,894026612,20,1593.582
1998-05-01 14:44:06,894026646,16,1600.02
1998-05-01 14:45:01,894026701,20,1294.55
1998-05-01 14:45:16,894026716,27,1324.623
1998-05-01 14:45:39,894026739,19,1548.287
1998-05-01 14:47:24,894026844,17,1338.239
1998-05-01 14:47:35,894026855,29,1298.972
1998-05-01 14:48:20,894026900,17,1296.353
1998-05-01 14:48:23,894026903,28,1430.977
1998-05-01 14:49:27,894026967,28,1511.503
1998-05-01 14:52:00,894027120,20,1411.863
1998-05-01 14:52:18,894027138,20,1585.936
1998-05-01 14:52:54,894027174,19,1752.499
1998-05-01 14:53:05,894027185,24,1381.263
1998-05-01 14:53:36,894027216,27,1345.119
1998-05-01 14:53:38,894027218,31,1761.725
1998-05-01 14:53:59,894027239,20,1491.841
1998-05-01 14:54:45,894027285,22,1459.431
1998-05-01 14:54:50,894027290,19,1409.458
1998-05-01 14:54:55,894027295,39,1559.087
1998-05-01 14:55:02,894027302,40,1816.164
1998-05-01 14:55:36,894027336,12,1297.053
1998-05-01 14:55:45,894027345,19,1600.571
1998-05-01 14:56:25,894027385,19,1584.64
1998-05-01 14:57:10,894027430,25,1504.378
1998-05-01 14:58:00,894027480,32,1516.38
1998-05-01 14:58:13,894027493,32,1539.05
1998-05-01 14:58:22,894027502,23,1503.879
1998-05-01 14:58:58,894027538,17,1370.622
1998-05-01 15:01:06,894027666,21,1490.054
1998-05-01 15:01:07,894027667,20,1370.121
1998-05-01 15:01:33,894027693,17,1470.063
1998-05-01 15:02:30,894027750,20,1495.414
1998-05-01 15:03:10,894027790,11,1310.298
1998-05-01 15:03:13,894027793,21,1979.948
1998-05-01 15:03:14,894027794,23,1378.939
1998-05-01 15:03:26,894027806,17,1321.451
1998-05-01 15:03:38,894027818,15,1471.895
1998-05-01 15:04:12,894027852,21,1312.725
1998-05-01 15:04:18,894027858,36,1330.204
1998-05-01 15:04:20,894027860,35,1361.966
1998-05-01 15:04:47,894027887,26,1324.23
1998-05-01 15:04:56,894027896,18,1314.426
1998-05-01 15:05:02,894027902,23,1392.468
1998-05-01 15:05:30,894027930,22,1547.339
1998-05-01 15:06:57,894028017,13,1447.46
1998-05-01 15:07:16,894028036,31,1409.957
1998-05-01 15:07:18,894028038,14,1341.829
1998-05-01 15:07:21,894028041,32,1480.626
1998-05-01 15:07:32,894028052,11,1287.991
1998-05-01 15:07:37,894028057,23,1529.351
1998-05-01 15:10:24,894028224,33,1302.473
1998-05-01 15:10:31,894028231,31,1317.985
1998-05-01 15:11:08,894028268,27,1462.809
1998-05-01 15:11:12,894028272,19,1743.671
1998-05-01 15:12:46,894028366,9,1347.637
1998-05-01 15:13:12,894028392,18,1441.218
1998-05-01 15:13:25,894028405,25,1314.964
1998-05-01 15:13:28,894028408,29,1317.246
1998-05-01 15:13:33,894028413,15,1253.107
1998-05-01 15:13:36,894028416,11,1294.529
1998-05-01 15:13:47,894028427,26,1327.371
1998-05-01 15:15:40,894028540,29,1551.818
1998-05-01 15:15:47,894028547,30,1394.989
1998-05-01 15:16:40,894028600,25,1389.168
1998-05-01 15:18:10,894028690,16,1363.708
1998-05-01 15:18:36,894028716,13,1237.722
1998-05-01 15:19:36,894028776,22,1334.216
1998-05-01 15:19:41,894028781,18,1448.723
1998-05-01 15:19:43,894028783,19,1296.712
1998-05-01 15:20:07,894028807,30,1516.627
1998-05-01 15:20:52,894028852,15,1396.847
1998-05-01 15:21:25,894028885,16,1319.299
1998-05-01 15:21:48,894028908,22,1412.98
1998-05-01 15:22:41,894028961,23,1511.506
1998-05-01 15:22:48,894028968,20,1473.866
1998-05-01 15:23:40,894029020,29,1326.946
1998-05-01 15:24:06,894029046,22,1346.373
1998-05-01 15:24:15,894029055,25,1733.387
1998-05-01 15:24:26,894029066,27,1503.083
1998-05-01 15:24:48,894029088,23,1602.294
1998-05-01 15:25:38,894029138,19,1392.004
1998-05-01 15:26:00,894029160,16,1295.572
1998-05-01 15:26:14,894029174,24,1585.027
1998-05-01 15:26:15,894029175,24,1545.249
1998-05-01 15:26:35,894029195,16,1471.002
1998-05-01 15:26:43,894029203,13,1510.728
1998-05-01 15:27:16,894029236,16,1756.153
1998-05-01 15:27:17,894029237,26,1790.027
1998-05-01 15:27:20,894029240,14,1724.459
1998-05-01 15:27:21,894029241,25,1736.861
1998-05-01 15:27:28,894029248,16,1721.781
1998-05-01 15:27:36,894029256,11,1453.6
1998-05-01 15:27:57,894029277,12,1302.724
1998-05-01 15:28:06,894029286,29,1497.985
1998-05-01 15:28:08,894029288,34,1543.073
1998-05-01 15:28:09,894029289,25,1537.561
1998-05-01 15:28:52,894029332,24,1300.579
1998-05-01 15:32:07,894029527,12,1442.154
1998-05-01 15:32:28,894029548,24,1423.454
1998-05-01 15:32:47,894029567,14,1485.783
1998-05-01 15:32:56,894029576,25,1507.778
1998-05-01 15:33:03,894029583,30,1285.812
1998-05-01 15:34:08,894029648,24,1292.795
1998-05-01 15:34:10,894029650,28,1488.228
1998-05-01 15:34:13,894029653,12,1472.519
1998-05-01 15:34:38,894029678,27,1345.338
1998-05-01 15:34:50,894029690,20,1741.324
1998-05-01 15:35:21,894029721,13,1736.237
1998-05-01 15:35:22,894029722,9,1461.588
1998-05-01 15:36:00,894029760,25,1405.11
1998-05-01 15:36:06,894029766,27,1988.872
1998-05-01 15:36:07,894029767,16,1445.401
1998-05-01 15:36:08,894029768,30,1477.222
1998-05-01 15:36:21,894029781,26,1928.052
1998-05-01 15:36:27,894029787,31,1362.417
1998-05-01 15:37:53,894029873,18,1306.027
1998-05-01 15:38:01,894029881,17,1302.723
1998-05-01 15:38:11,894029891,23,1411.771
1998-05-01 15:38:23,894029903,18,1286.297
1998-05-01 15:39:48,894029988,12,1340.015
1998-05-01 15:40:09,894030009,28,1323.065
1998-05-01 15:40:28,894030028,15,1443.466
1998-05-01 15:40:47,894030047,28,1289.583
1998-05-01 15:41:09,894030069,9,1539.752
1998-05-01 15:41:38,894030098,25,1519.206
1998-05-01 15:41:46,894030106,16,1232.277
1998-05-01 15:41:59,894030119,18,1343.492
1998-05-01 15:42:19,894030139,22,1467.373
1998-05-01 15:42:29,894030149,16,1453.898
1998-05-01 15:43:11,894030191,28,1342.251
1998-05-01 15:43:43,894030223,31,1526.347
1998-05-01 15:43:57,894030237,21,1443.794
1998-05-01 15:44:13,894030253,17,1373.767
1998-05-01 15:44:45,894030285,18,1753.113
1998-05-01 15:45:08,894030308,27,1744.183
1998-05-01 15:45:39,894030339,14,1569.253
1998-05-01 15:45:41,894030341,11,1381.222
1998-05-01 15:45:50,894030350,18,1325.551
1998-05-01 15:45:52,894030352,24,1363.05
1998-05-01 15:46:10,894030370,34,1330.321
1998-05-01 15:46:26,894030386,25,1455.399
1998-05-01 15:47:03,894030423,16,1063.197
1998-05-01 15:48:06,894030486,40,1383.424
1998-05-01 15:48:46,894030526,23,1357.639
1998-05-01 15:49:00,894030540,33,1439.503
1998-05-01 15:51:23,894030683,19,1309.347
1998-05-01 15:52:46,894030766,26,1588.631
1998-05-01 15:53:07,894030787,8,1277.997
1998-05-01 15:53:10,894030790,16,1509.014
1998-05-01 15:53:47,894030827,14,1455.999
1998-05-01 15:53:52,894030832,24,1478.572
1998-05-01 15:54:02,894030842,8,1426.197
1998-05-01 15:54:30,894030870,27,1598.692
1998-05-01 15:54:37,894030877,14,1304.424
1998-05-01 15:54:39,894030879,34,1536.365
1998-05-01 15:54:59,894030899,22,1413.546
1998-05-01 15:55:11,894030911,20,1334.271
1998-05-01 15:55:16,894030916,22,1284.369
1998-05-01 15:55:22,894030922,19,1491.141
1998-05-01 15:55:40,894030940,23,1350.818
1998-05-01 15:55:53,894030953,27,1341.217
1998-05-01 15:56:29,894030989,17,1297.248
1998-05-01 15:56:39,894030999,19,1329.595
1998-05-01 15:56:48,894031008,13,1349.879
1998-05-01 15:57:34,894031054,23,1322.138
1998-05-01 15:57:50,894031070,14,1405.78
1998-05-01 15:57:53,894031073,20,1283.046
1998-05-01 15:57:54,894031074,21,1940.849
1998-05-01 15:58:01,894031081,31,1328.656
1998-05-01 15:59:07,894031147,13,1430.974
1998-05-01 15:59:08,894031148,17,1285.843
1998-05-01 16:00:17,894031217,20,1325.153
1998-05-01 16:00:37,894031237,28,1312.157
1998-05-01 16:00:48,894031248,29,1367.553
1998-05-01 16:01:13,894031273,16,1404.671
1998-05-01 16:02:02,894031322,21,1388.138
1998-05-01 16:02:20,894031340,28,1503.989
1998-05-01 16:02:28,894031348,22,1438.927
1998-05-01 16:02:35,894031355,17,1303.032
1998-05-01 16:03:05,894031385,32,1518.084
1998-05-01 16:06:17,894031577,19,1505.669
1998-05-01 16:06:36,894031596,15,1479.828
1998-05-01 16:06:42,894031602,23,1470.835
1998-05-01 16:07:04,894031624,19,1325.831
1998-05-01 16:07:14,894031634,18,1338.525
1998-05-01 16:08:06,894031686,20,1300.785
1998-05-01 16:08:33,894031713,11,1293.458
1998-05-01 16:09:39,894031779,19,1332.435
1998-05-01 16:10:02,894031802,21,1310.892
1998-05-01 16:10:38,894031838,27,1470.288
1998-05-01 16:11:47,894031907,33,1571.911
1998-05-01 16:12:00,894031920,37,1529.278
1998-05-01 16:13:20,894032000,13,1357.573
1998-05-01 16:13:26,894032006,32,1305.836
1998-05-01 16:14:07,894032047,24,1530.672
1998-05-01 16:14:17,894032057,12,1257.045
1998-05-01 16:14:48,894032088,42,1370.867
1998-05-01 16:15:26,894032126,36,1332.8
1998-05-01 16:15:56,894032156,11,1315.737
1998-05-01 16:16:01,894032161,33,1475.816
1998-05-01 16:17:01,894032221,33,1391.426
1998-05-01 16:17:18,894032238,11,1295.256
1998-05-01 16:17:59,894032279,36,1415.829
1998-05-01 16:18:07,894032287,28,1474.742
1998-05-01 16:18:16,894032296,27,1327.332
1998-05-01 16:18:34,894032314,20,1433.645
1998-05-01 16:19:54,894032394,40,1369.909
1998-05-01 16:20:19,894032419,19,1340.953
1998-05-01 16:20:25,894032425,32,1407.287
1998-05-01 16:20:33,894032433,29,1438.938
1998-05-01 16:20:39,894032439,18,1454.836
1998-05-01 16:20:51,894032451,27,1336.25
1998-05-01 16:21:28,894032488,26,1386.652
1998-05-01 16:22:35,894032555,23,1509.25
1998-05-01 16:23:12,894032592,15,1296.592
1998-05-01 16:23:13,894032593,17,1324.637
1998-05-01 16:23:17,894032597,18,1293.883
1998-05-01 16:24:49,894032689,19,1665.472
1998-05-01 16:25:20,894032720,16,1450.286
1998-05-01 16:25:51,894032751,16,1460.494
1998-05-01 16:25:54,894032754,23,1521.935
1998-05-01 16:26:04,894032764,19,1528.056
1998-05-01 16:27:02,894032822,19,1751.497
1998-05-01 16:28:19,894032899,23,1495.318
1998-05-01 16:28:43,894032923,31,1480.444
1998-05-01 16:29:57,894032997,25,1386.68
1998-05-01 16:30:00,894033000,16,1504.299
1998-05-01 16:30:47,894033047,19,1501.673
1998-05-01 16:30:48,894033048,33,1515.245
1998-05-01 16:33:39,894033219,18,1534.852
1998-05-01 16:33:42,894033222,19,1347.181
1998-05-01 16:34:58,894033298,27,1307.536
1998-05-01 16:36:08,894033368,27,1415.052
1998-05-01 16:36:42,894033402,28,1510.707
1998-05-01 16:37:37,894033457,20,1489.705
1998-05-01 16:38:23,894033503,30,1581.84
1998-05-01 16:38:33,894033513,19,1446.135
1998-05-01 16:38:38,894033518,28,1473.188
1998-05-01 16:38:49,894033529,21,1477.389
1998-05-01 16:40:14,894033614,28,1645.994
1998-05-01 16:40:48,894033648,18,1604.142
1998-05-01 16:41:29,894033689,26,1435.758
1998-05-01 16:41:53,894033713,22,1299.132
1998-05-01 16:42:26,894033746,36,1385.776
1998-05-01 16:42:43,894033763,29,1343.602
1998-05-01 16:44:34,894033874,20,1291.27
1998-05-01 16:45:22,894033922,38,1386.42
1998-05-01 16:47:31,894034051,35,1388.356
1998-05-01 16:48:02,894034082,26,1365.676
1998-05-01 16:48:31,894034111,26,1499.126
1998-05-01 16:48:48,894034128,32,1409.892
1998-05-01 16:49:22,894034162,20,1448.196
1998-05-01 16:49:33,894034173,28,1276.836
1998-05-01 16:50:40,894034240,23,1570.418
1998-05-01 16:50:44,894034244,22,1312.789
1998-05-01 16:50:53,894034253,22,1472.161
1998-05-01 16:52:01,894034321,20,1400.415
1998-05-01 16:52:35,894034355,27,1415.781
1998-05-01 16:52:39,894034359,36,1554.51
1998-05-01 16:53:00,894034380,32,1351.219
1998-05-01 16:53:16,894034396,24,1335.895
1998-05-01 16:53:48,894034428,22,1319.929
1998-05-01 16:53:50,894034430,22,1504.18
1998-05-01 16:53:56,894034436,29,1322.554
1998-05-01 16:54:05,894034445,16,1338.181
1998-05-01 16:54:15,894034455,36,1356.792
1998-05-01 16:54:42,894034482,28,1466.399
1998-05-01 16:54:52,894034492,19,1342.653
1998-05-01 16:55:03,894034503,26,1364.524
1998-05-01 16:56:49,894034609,37,1516.994
1998-05-01 16:56:57,894034617,24,1402.374
1998-05-01 16:57:10,894034630,17,1586.172
1998-05-01 16:57:44,894034664,26,1297.829
1998-05-01 16:58:09,894034689,24,1477.388
1998-05-01 16:58:15,894034695,10,1280.953
1998-05-01 17:00:36,894034836,19,1343.85
1998-05-01 17:01:34,894034894,21,1311.755
1998-05-01 17:01:37,894034897,14,1296.077
1998-05-01 17:01:52,894034912,18,1445.459
1998-05-01 17:02:02,894034922,13,1474.475
1998-05-01 17:02:06,894034926,22,1338.838
1998-05-01 17:02:39,894034959,12,1431.69
1998-05-01 17:03:41,894035021,20,1435.459
1998-05-01 17:03:54,894035034,14,1437.25
1998-05-01 17:04:13,894035053,30,1301.47
1998-05-01 17:04:39,894035079,26,1341.388
1998-05-01 17:04:41,894035081,20,1490.756
1998-05-01 17:05:16,894035116,24,1353.57
1998-05-01 17:05:23,894035123,15,1316.092
1998-05-01 17:06:14,894035174,26,1350.159
1998-05-01 17:06:38,894035198,13,1286.247
1998-05-01 17:06:57,894035217,19,1304.895
1998-05-01 17:06:59,894035219,26,1380.131
1998-05-01 17:07:48,894035268,13,1285.43
1998-05-01 17:07:49,894035269,22,1468.788
1998-05-01 17:08:47,894035327,30,1435.05
1998-05-01 17:09:02,894035342,11,1450.703
1998-05-01 17:09:10,894035350,33,1364.05
1998-05-01 17:09:31,894035371,14,1288.756
1998-05-01 17:09:37,894035377,28,1305.85
1998-05-01 17:10:21,894035421,10,1290.145
1998-05-01 17:10:22,894035422,11,1329.345
1998-05-01 17:10:31,894035431,9,1338.216
1998-05-01 17:10:34,894035434,18,1324.476
1998-05-01 17:10:43,894035443,19,1347.511
1998-05-01 17:10:49,894035449,18,1462.858
1998-05-01 17:10:55,894035455,14,1357.508
1998-05-01 17:12:02,894035522,7,1300.181
1998-05-01 17:12:09,894035529,27,1487.061
1998-05-01 17:12:27,894035547,23,1452.399
1998-05-01 17:12:59,894035579,14,1393.539
1998-05-01 17:13:01,894035581,31,1445.961
1998-05-01 17:13:04,894035584,15,1476.186
1998-05-01 17:13:07,894035587,16,1430.69
1998-05-01 17:13:14,894035594,8,1716.067
1998-05-01 17:13:33,894035613,16,1351.238
1998-05-01 17:14:00,894035640,23,1424.998
1998-05-01 17:14:16,894035656,14,1388.084
1998-05-01 17:14:57,894035697,13,1437.521
1998-05-01 17:15:12,894035712,32,1453.256
1998-05-01 17:15:13,894035713,36,1458.098
1998-05-01 17:15:19,894035719,20,1439.51
1998-05-01 17:16:23,894035783,12,1468.424
1998-05-01 17:16:44,894035804,10,1335.748
1998-05-01 17:17:04,894035824,36,1407.376
1998-05-01 17:17:34,894035854,16,1470.439
1998-05-01 17:17:48,894035868,10,1473.329
1998-05-01 17:18:16,894035896,41,1498.973
1998-05-01 17:18:23,894035903,19,1427.416
1998-05-01 17:18:26,894035906,18,1429.254
1998-05-01 17:18:31,894035911,29,1358.003
1998-05-01 17:18:46,894035926,27,1485.31
1998-05-01 17:18:55,894035935,21,1317.382
1998-05-01 17:19:15,894035955,30,1738.665
1998-05-01 17:19:18,894035958,16,1472.203
1998-05-01 17:19:25,894035965,30,1316.842
1998-05-01 17:19:26,894035966,21,1492.935
1998-05-01 17:19:43,894035983,24,1524.79
1998-05-01 17:19:44,894035984,24,1581.745
1998-05-01 17:19:54,894035994,31,1560.286
1998-05-01 17:20:06,894036006,23,1493.778
1998-05-01 17:20:09,894036009,22,1366.427
1998-05-01 17:22:02,894036122,27,1575.149
1998-05-01 17:22:19,894036139,15,1523.331
1998-05-01 17:22:43,894036163,21,1312.294
1998-05-01 17:22:51,894036171,18,1478.967
1998-05-01 17:22:54,894036174,9,1285.184
1998-05-01 17:23:21,894036201,22,1465.348
1998-05-01 17:24:02,894036242,20,1294.361
1998-05-01 17:24:33,894036273,34,1331.944
1998-05-01 17:24:39,894036279,32,1650.15
1998-05-01 17:25:20,894036320,30,1384.113
1998-05-01 17:25:24,894036324,25,1418.218
1998-05-01 17:25:53,894036353,15,1341.408
1998-05-01 17:26:02,894036362,19,1454.096
1998-05-01 17:26:14,894036374,26,1967.813
1998-05-01 17:26:36,894036396,19,1302.952
1998-05-01 17:26:45,894036405,13,1442.977
1998-05-01 17:26:52,894036412,11,1299.937
1998-05-01 17:29:51,894036591,26,1506.911
1998-05-01 17:30:00,894036600,22,1308.393
1998-05-01 17:30:30,894036630,17,1468.102
1998-05-01 17:30:49,894036649,34,1402.246
1998-05-01 17:31:00,894036660,25,1344.501
1998-05-01 17:31:04,894036664,19,1354.595
1998-05-01 17:31:05,894036665,11,1279.137
1998-05-01 17:31:26,894036686,24,1496.991
1998-05-01 17:31:55,894036715,30,1493.033
1998-05-01 17:33:00,894036780,24,1546.591
1998-05-01 17:34:19,894036859,13,1333.784
1998-05-01 17:34:42,894036882,30,1361.106
1998-05-01 17:34:46,894036886,29,1507.571
1998-05-01 17:35:02,894036902,24,1329.496
1998-05-01 17:35:13,894036913,42,1544.489
1998-05-01 17:35:27,894036927,17,1340.344
1998-05-01 17:35:38,894036938,39,1418.42
1998-05-01 17:35:54,894036954,29,1435.416
1998-05-01 17:35:57,894036957,14,1483.597
1998-05-01 17:36:05,894036965,20,1529.849
1998-05-01 17:36:23,894036983,33,1422.398
1998-05-01 17:36:39,894036999,16,1327.437
1998-05-01 17:36:58,894037018,11,1704.031
1998-05-01 17:37:45,894037065,20,1305.637
1998-05-01 17:37:47,894037067,16,1451.646
1998-05-01 17:37:49,894037069,30,1316.723
1998-05-01 17:38:10,894037090,19,1486.709
1998-05-01 17:41:10,894037270,13,1315.656
1998-05-01 17:41:30,894037290,22,1292.139
1998-05-01 17:42:05,894037325,24,1380.194
1998-05-01 17:43:54,894037434,25,1795.44
1998-05-01 17:43:56,894037436,17,1586.329
1998-05-01 17:44:04,894037444,18,1346.592
1998-05-01 17:44:09,894037449,25,1750.984
1998-05-01 17:44:19,894037459,28,1535.485
1998-05-01 17:44:42,894037482,16,1297.013
1998-05-01 17:44:46,894037486,9,1696.006
1998-05-01 17:45:16,894037516,17,1276.81
1998-05-01 17:46:15,894037575,19,1333.935
1998-05-01 17:46:26,894037586,16,1465.855
1998-05-01 17:46:32,894037592,8,1473.845
1998-05-01 17:47:25,894037645,22,1318.947
1998-05-01 17:48:15,894037695,11,1518.062
1998-05-01 17:48:22,894037702,27,1382.963
1998-05-01 17:48:37,894037717,11,1361.46
1998-05-01 17:48:53,894037733,10,1391.731
1998-05-01 17:50:02,894037802,25,1361.204
1998-05-01 17:51:40,894037900,11,1295.811
1998-05-01 17:51:52,894037912,17,1996.186
1998-05-01 17:52:41,894037961,17,1306.13
1998-05-01 17:53:35,894038015,13,1319.094
1998-05-01 17:54:01,894038041,14,1293.195
1998-05-01 17:54:04,894038044,27,1310.707
1998-05-01 17:59:50,894038390,21,1513.602
1998-05-01 17:59:52,894038392,18,1389.817
1998-05-01 18:00:36,894038436,13,1463.58
1998-05-01 18:01:02,894038462,15,1522.346
1998-05-01 18:01:08,894038468,9,1551.53
1998-05-01 18:01:47,894038507,20,1293.702
1998-05-01 18:03:03,894038583,21,1374.349
1998-05-01 18:03:43,894038623,12,1493.51
1998-05-01 18:04:30,894038670,11,1353.034
1998-05-01 18:05:03,894038703,18,1391.512
1998-05-01 18:05:55,894038755,21,1481.082
1998-05-01 18:06:24,894038784,24,1354.916
1998-05-01 18:07:05,894038825,42,1421.945
1998-05-01 18:08:11,894038891,21,1977.051
1998-05-01 18:08:18,894038898,17,1324.011
1998-05-01 18:09:44,894038984,30,1487.692
1998-05-01 18:10:03,894039003,30,1310.807
1998-05-01 18:10:35,894039035,29,1415.54
1998-05-01 18:10:47,894039047,22,1377.346
1998-05-01 18:11:21,894039081,36,1341.542
1998-05-01 18:11:29,894039089,18,1325.289
1998-05-01 18:12:24,894039144,29,1555.244
1998-05-01 18:12:26,894039146,14,1350.025
1998-05-01 18:12:57,894039177,22,1574.141
1998-05-01 18:13:14,894039194,31,1317.117
1998-05-01 18:13:30,894039210,41,1360.847
1998-05-01 18:13:35,894039215,38,1336.994
1998-05-01 18:13:41,894039221,15,1488.123
1998-05-01 18:14:01,894039241,9,1455.162
1998-05-01 18:14:32,894039272,29,1348.384
1998-05-01 18:15:14,894039314,25,1361.631
1998-05-01 18:15:15,894039315,28,1304.952
1998-05-01 18:15:33,894039333,22,1339.989
1998-05-01 18:16:04,894039364,9,1331.51
1998-05-01 18:16:28,894039388,20,1364.243
1998-05-01 18:16:54,894039414,15,1326.919
1998-05-01 18:17:19,894039439,22,1387.406
1998-05-01 18:18:23,894039503,22,1424.766
1998-05-01 18:18:28,894039508,27,1403.722
1998-05-01 18:18:37,894039517,25,1362.58
1998-05-01 18:18:44,894039524,19,1328.133
1998-05-01 18:18:51,894039531,21,1380.428
1998-05-01 18:19:26,894039566,20,1308.055
1998-05-01 18:19:43,894039583,34,1519.286
1998-05-01 18:20:14,894039614,27,1465.934
1998-05-01 18:20:27,894039627,31,1512.273
1998-05-01 18:20:33,894039633,9,1449.267
1998-05-01 18:20:43,894039643,35,1472.107
1998-05-01 18:20:57,894039657,9,1287.078
1998-05-01 18:21:31,894039691,30,1530.684
1998-05-01 18:22:19,894039739,16,1344.51
1998-05-01 18:22:29,894039749,30,1554.858
1998-05-01 18:22:40,894039760,11,1277.931
1998-05-01 18:23:57,894039837,19,1327.256
1998-05-01 18:24:00,894039840,39,1669.095
1998-05-01 18:24:15,894039855,23,1399.934
1998-05-01 18:24:24,894039864,28,1379.931
1998-05-01 18:24:35,894039875,13,1470.519
1998-05-01 18:25:41,894039941,23,1550.315
1998-05-01 18:26:08,894039968,24,1497.688
1998-05-01 18:26:35,894039995,13,1308.438
1998-05-01 18:26:43,894040003,20,1553.52
1998-05-01 18:27:53,894040073,30,1546.755
1998-05-01 18:28:45,894040125,25,1497.89
1998-05-01 18:29:09,894040149,12,1549.52
1998-05-01 18:29:12,894040152,22,1455.176
1998-05-01 18:29:45,894040185,16,1541.6
1998-05-01 18:30:35,894040235,23,1470.149
1998-05-01 18:31:03,894040263,13,1215.352
1998-05-01 18:32:33,894040353,15,1434.628
1998-05-01 18:33:31,894040411,35,1392.724
1998-05-01 18:33:39,894040419,14,1323.098
1998-05-01 18:36:45,894040605,36,1348.033
1998-05-01 18:37:02,894040622,25,1330.929
1998-05-01 18:37:43,894040663,12,1504.302
1998-05-01 18:37:56,894040676,25,1496.583
1998-05-01 18:38:21,894040701,28,1446.498
1998-05-01 18:38:23,894040703,18,1466.742
1998-05-01 18:38:35,894040715,7,1080.118
1998-05-01 18:38:57,894040737,22,1337.506
1998-05-01 18:40:32,894040832,18,1494.153
1998-05-01 18:42:13,894040933,17,1404.164
1998-05-01 18:42:43,894040963,16,1406.604
1998-05-01 18:44:48,894041088,14,1524.654
1998-05-01 18:44:50,894041090,17,1350.757
1998-05-01 18:44:56,894041096,8,1257.196
1998-05-01 18:45:00,894041100,11,1442.063
1998-05-01 18:46:19,894041179,28,1332.877
1998-05-01 18:46:50,894041210,22,1358.709
1998-05-01 18:48:02,894041282,24,1799.594
1998-05-01 18:48:25,894041305,18,1459.677
1998-05-01 18:50:01,894041401,8,1260.729
1998-05-01 18:50:43,894041443,11,1316.479
1998-05-01 18:51:46,894041506,21,1424.718
1998-05-01 18:52:12,894041532,26,1306.675
1998-05-01 18:52:29,894041549,12,1319.104
1998-05-01 18:52:37,894041557,7,1514.701
1998-05-01 18:53:21,894041601,15,1479.221
1998-05-01 18:53:39,894041619,22,1482.932
1998-05-01 18:53:41,894041621,28,1721.591
1998-05-01 18:53:50,894041630,25,1315.497
1998-05-01 18:54:48,894041688,17,1300.746
1998-05-01 18:55:54,894041754,18,1316.952
1998-05-01 18:56:35,894041795,13,1309.701
1998-05-01 18:56:42,894041802,18,1463.572
1998-05-01 18:57:13,894041833,23,1609.976
1998-05-01 18:57:39,894041859,24,1395.364
1998-05-01 18:57:41,894041861,26,1480.16
1998-05-01 18:58:14,894041894,7,1392.269
1998-05-01 18:58:19,894041899,17,1467.379
1998-05-01 18:59:25,894041965,12,1316.518
1998-05-01 18:59:40,894041980,12,1275.678
1998-05-01 19:00:29,894042029,4,1308.439
1998-05-01 19:01:01,894042061,7,1299.19
1998-05-01 19:02:45,894042165,25,1339
1998-05-01 19:02:57,894042177,32,1327.509
1998-05-01 19:03:34,894042214,19,1348.912
1998-05-01 19:04:05,894042245,10,1307.784
1998-05-01 19:04:12,894042252,10,1303.867
1998-05-01 19:04:29,894042269,21,1445.225
1998-05-01 19:05:15,894042315,15,1389.494
1998-05-01 19:05:21,894042321,35,1422.263
1998-05-01 19:06:34,894042394,22,1339.832
1998-05-01 19:06:58,894042418,21,1441.955
1998-05-01 19:07:17,894042437,13,1466.49
1998-05-01 19:08:28,894042508,22,1379.578
1998-05-01 19:10:24,894042624,18,1584.526
1998-05-01 19:10:25,894042625,12,1450.995
1998-05-01 19:10:28,894042628,10,1346.702
1998-05-01 19:10:30,894042630,18,1514.989
1998-05-01 19:11:21,894042681,17,1463.589
1998-05-01 19:12:14,894042734,7,1281.348
1998-05-01 19:12:26,894042746,7,1307.391
1998-05-01 19:12:31,894042751,19,1286.674
1998-05-01 19:12:43,894042763,21,1327.345
1998-05-01 19:13:17,894042797,19,1294.167
1998-05-01 19:13:27,894042807,13,1433.508
1998-05-01 19:15:04,894042904,7,1289.196
1998-05-01 19:15:34,894042934,9,1285.476
1998-05-01 19:16:08,894042968,14,1297.652
1998-05-01 19:16:42,894043002,16,1305.816
1998-05-01 19:17:50,894043070,12,1487.451
1998-05-01 19:18:16,894043096,13,1319.706
1998-05-01 19:18:31,894043111,16,1356.665
1998-05-01 19:19:06,894043146,16,1300.195
1998-05-01 19:19:09,894043149,7,1441.8
1998-05-01 19:19:56,894043196,11,1484.403
1998-05-01 19:20:42,894043242,8,1285.598
1998-05-01 19:22:25,894043345,15,1552.504
1998-05-01 19:25:44,894043544,52,1546.414
1998-05-01 19:26:04,894043564,13,1438.976
1998-05-01 19:26:52,894043612,18,1287.676
1998-05-01 19:27:15,894043635,29,1325.756
1998-05-01 19:27:18,894043638,11,1695.458
1998-05-01 19:27:23,894043643,29,1328.208
1998-05-01 19:27:52,894043672,20,1475.834
1998-05-01 19:29:40,894043780,20,1317.098
1998-05-01 19:30:26,894043826,17,1343.133
1998-05-01 19:30:28,894043828,31,1307.269
1998-05-01 19:30:49,894043849,19,1326.61
1998-05-01 19:31:12,894043872,15,1327.143
1998-05-01 19:31:19,894043879,24,1546.723
1998-05-01 19:32:26,894043946,25,1494.864
1998-05-01 19:32:30,894043950,22,1986.506
1998-05-01 19:33:20,894044000,18,1458.925
1998-05-01 19:33:54,894044034,16,1436.032
1998-05-01 19:34:00,894044040,22,1456.008
1998-05-01 19:34:11,894044051,15,1381.649
1998-05-01 19:35:00,894044100,15,1348.425
1998-05-01 19:35:10,894044110,23,1409.474
1998-05-01 19:35:46,894044146,23,1527.547
1998-05-01 19:36:11,894044171,23,1304.375
1998-05-01 19:37:43,894044263,14,1441.92
1998-05-01 19:40:27,894044427,21,1464.073
1998-05-01 19:41:11,894044471,24,1401.831
1998-05-01 19:45:37,894044737,9,1335.219
1998-05-01 19:45:59,894044759,17,1346.257
1998-05-01 19:46:49,894044809,19,1303.68
1998-05-01 19:47:44,894044864,22,1298.176
1998-05-01 19:48:35,894044915,18,1475.728
1998-05-01 19:49:37,894044977,12,1293.836
1998-05-01 19:51:46,894045106,18,1497.295
1998-05-01 19:53:58,894045238,21,1558.836
1998-05-01 19:54:24,894045264,8,1306.959
1998-05-01 19:54:29,894045269,18,1371.51
1998-05-01 19:55:39,894045339,15,1296.487
1998-05-01 19:55:51,894045351,9,1282.855
1998-05-01 19:55:54,894045354,13,1292.382
1998-05-01 19:56:14,894045374,30,1419.044
1998-05-01 19:56:36,894045396,6,1425.075
1998-05-01 19:58:24,894045504,34,1340.077
1998-05-01 19:58:47,894045527,13,1433.722
1998-05-01 19:58:55,894045535,17,1314.667
1998-05-01 20:03:35,894045815,17,1587.203
1998-05-01 20:03:47,894045827,10,1440.028
1998-05-01 20:06:39,894045999,16,1439.842
1998-05-01 20:08:14,894046094,16,1472.182
1998-05-01 20:08:35,894046115,11,1461.678
1998-05-01 20:08:50,894046130,15,1303.35
1998-05-01 20:09:02,894046142,9,1433.306
1998-05-01 20:09:10,894046150,16,1360.818
1998-05-01 20:10:57,894046257,8,1364.867
1998-05-01 20:11:36,894046296,8,1275.123
1998-05-01 20:12:49,894046369,17,1574.446
1998-05-01 20:13:38,894046418,15,1465.579
1998-05-01 20:15:23,894046523,8,1287.617
1998-05-01 20:15:32,894046532,15,1304.386
1998-05-01 20:16:13,894046573,15,1444.043
1998-05-01 20:16:35,894046595,26,1513.84
1998-05-01 20:18:52,894046732,20,1539.762
1998-05-01 20:19:02,894046742,22,1548.638
1998-05-01 20:19:45,894046785,27,1558.312
1998-05-01 20:20:22,894046822,9,1490.764
1998-05-01 20:20:52,894046852,7,1281.652
1998-05-01 20:21:02,894046862,17,1333.559
1998-05-01 20:21:04,894046864,12,1350.433
1998-05-01 20:21:30,894046890,6,1424.782
1998-05-01 20:21:58,894046918,16,1456.708
1998-05-01 20:22:11,894046931,14,1715.357
1998-05-01 20:22:16,894046936,15,1893.08
1998-05-01 20:22:28,894046948,20,1485.615
1998-05-01 20:22:54,894046974,20,1424.715
1998-05-01 20:23:19,894046999,22,1393.301
1998-05-01 20:24:44,894047084,14,1721.834
1998-05-01 20:24:58,894047098,9,1449.726
1998-05-01 20:25:56,894047156,10,1300.154
1998-05-01 20:26:33,894047193,18,1449.512
1998-05-01 20:28:10,894047290,19,1321.485
1998-05-01 20:28:48,894047328,12,1448.568
1998-05-01 20:28:54,894047334,8,1462.826
1998-05-01 20:29:29,894047369,12,1480.532
1998-05-01 20:29:32,894047372,13,1289.298
1998-05-01 20:29:50,894047390,16,1275.742
1998-05-01 20:30:10,894047410,16,1461.334
1998-05-01 20:30:42,894047442,27,1353.145
1998-05-01 20:30:43,894047443,16,1485.18
1998-05-01 20:31:55,894047515,13,1320.349
1998-05-01 20:33:08,894047588,5,1421.085
1998-05-01 20:34:21,894047661,16,1313.182
1998-05-01 20:35:24,894047724,17,1358.566
1998-05-01 20:35:49,894047749,7,1288.26
1998-05-01 20:36:01,894047761,10,1455.859
1998-05-01 20:36:52,894047812,15,1458.499
1998-05-01 20:38:06,894047886,6,1420.34
1998-05-01 20:38:20,894047900,16,1474.698
1998-05-01 20:38:29,894047909,6,1426.402
1998-05-01 20:39:18,894047958,26,1362.825
1998-05-01 20:39:59,894047999,11,1321.075
1998-05-01 20:41:02,894048062,18,1532.461
1998-05-01 20:41:55,894048115,11,1453.133
1998-05-01 20:42:02,894048122,15,1484.809
1998-05-01 20:43:29,894048209,12,1491.121
1998-05-01 20:44:47,894048287,19,1358.23
1998-05-01 20:44:51,894048291,26,1385.656
1998-05-01 20:45:34,894048334,25,1407.155
1998-05-01 20:45:59,894048359,25,1362.99
1998-05-01 20:46:01,894048361,19,1445.13
1998-05-01 20:46:24,894048384,23,1362.833
1998-05-01 20:46:57,894048417,37,1424.389
1998-05-01 20:47:11,894048431,20,1306.376
1998-05-01 20:48:26,894048506,16,1346.273
1998-05-01 20:49:31,894048571,9,1382.224
1998-05-01 20:49:32,894048572,14,1410.914
1998-05-01 20:49:47,894048587,16,1409.55
1998-05-01 20:50:57,894048657,14,1448.662
1998-05-01 20:51:30,894048690,26,1520.786
1998-05-01 20:51:42,894048702,21,1470.787
1998-05-01 20:51:54,894048714,6,1396.97
1998-05-01 20:51:59,894048719,23,1558.942
1998-05-01 20:53:52,894048832,20,1537.673
1998-05-01 20:53:59,894048839,9,1302.859
1998-05-01 20:54:24,894048864,29,1342.433
1998-05-01 20:54:53,894048893,25,1284.294
1998-05-01 20:56:04,894048964,21,1526.683
1998-05-01 20:57:24,894049044,11,1568.536
1998-05-01 20:57:51,894049071,14,1498.971
1998-05-01 20:58:31,894049111,19,1891.98
1998-05-01 20:59:58,894049198,18,1438.039
1998-05-01 21:04:28,894049468,17,1504.279
1998-05-01 21:04:55,894049495,14,1298.624
1998-05-01 21:04:58,894049498,10,1281.723
1998-05-01 21:05:28,894049528,12,1273.013
1998-05-01 21:06:35,894049595,27,1269
1998-05-01 21:06:59,894049619,20,1460.024
1998-05-01 21:07:15,894049635,15,1466.955
1998-05-01 21:07:17,894049637,13,1310.755
1998-05-01 21:07:21,894049641,23,1407.403
1998-05-01 21:07:35,894049655,11,1324.376
1998-05-01 21:07:42,894049662,12,1447.385
1998-05-01 21:08:33,894049713,11,1387.069
1998-05-01 21:09:37,894049777,11,1439.931
1998-05-01 21:12:33,894049953,8,1453.843
1998-05-01 21:12:46,894049966,10,1372.361
1998-05-01 21:14:25,894050065,11,1427.479
1998-05-01 21:14:28,894050068,17,1346.411
1998-05-01 21:14:45,894050085,8,1292.118
1998-05-01 21:15:02,894050102,14,1305.011
1998-05-01 21:15:10,894050110,19,1344.716
1998-05-01 21:16:02,894050162,17,1377.454
1998-05-01 21:16:14,894050174,9,1277.57
1998-05-01 21:16:44,894050204,9,1206.646
1998-05-01 21:17:19,894050239,16,1290.024
1998-05-01 21:17:25,894050245,11,1280.241
1998-05-01 21:18:48,894050328,10,1507.636
1998-05-01 21:22:09,894050529,14,1321.097
1998-05-01 21:22:10,894050530,18,1320.675
1998-05-01 21:22:25,894050545,8,1305.203
1998-05-01 21:22:35,894050555,17,1434.298
1998-05-01 21:23:14,894050594,10,1396.794
1998-05-01 21:23:44,894050624,8,1060.753
1998-05-01 21:24:07,894050647,8,1307.805
1998-05-01 21:25:07,894050707,12,1314.614
1998-05-01 21:26:04,894050764,17,1311.842
1998-05-01 21:27:10,894050830,13,1441.53
1998-05-01 21:28:31,894050911,9,1288.499
1998-05-01 21:29:17,894050957,8,1368.418
1998-05-01 21:29:47,894050987,10,1309.959
1998-05-01 21:30:14,894051014,4,1325.834
1998-05-01 21:30:20,894051020,5,1419.773
1998-05-01 21:30:36,894051036,9,1451.513
1998-05-01 21:30:37,894051037,3,1426.95
1998-05-01 21:30:53,894051053,9,1480.892
1998-05-01 21:34:11,894051251,21,1456.356
1998-05-01 21:34:29,894051269,15,1427.169
1998-05-01 21:35:05,894051305,7,1308.926
1998-05-01 21:35:08,894051308,13,1494.934
1998-05-01 21:35:30,894051330,12,1348.253
1998-05-01 21:35:40,894051340,7,1436.151
1998-05-01 21:35:48,894051348,9,1690.951
1998-05-01 21:35:56,894051356,9,1319.168
1998-05-01 21:36:22,894051382,15,1403.505
1998-05-01 21:36:48,894051408,12,1375.654
1998-05-01 21:36:50,894051410,5,1374.466
1998-05-01 21:36:56,894051416,11,1337.565
1998-05-01 21:37:04,894051424,13,1290.075
1998-05-01 21:37:14,894051434,11,1378.64
1998-05-01 21:37:44,894051464,14,1471.164
1998-05-01 21:38:25,894051505,11,1282.7
1998-05-01 21:41:16,894051676,8,1291.708
1998-05-01 21:42:17,894051737,7,1292.532
1998-05-01 21:42:40,894051760,7,1279.126
1998-05-01 21:43:27,894051807,8,1459.748
1998-05-01 21:43:29,894051809,11,1695.161
1998-05-01 21:43:42,894051822,17,1434.934
1998-05-01 21:43:50,894051830,13,1473.825
1998-05-01 21:45:13,894051913,16,1296.324
1998-05-01 21:45:16,894051916,7,1424.003
1998-05-01 21:45:39,894051939,9,1452.623
1998-05-01 21:45:53,894051953,14,1281.493
1998-05-01 21:46:17,894051977,10,1435.387
1998-05-01 21:46:28,894051988,17,1476.381
1998-05-01 21:46:41,894052001,5,1277.409
1998-05-01 21:46:48,894052008,18,1320.896
1998-05-01 21:47:02,894052022,13,1344.414
1998-05-01 21:48:26,894052106,4,1423.27
1998-05-01 21:52:54,894052374,6,1392.168
1998-05-01 21:53:05,894052385,6,1276.883
1998-05-01 21:55:18,894052518,8,1257.189
1998-05-01 21:55:32,894052532,7,1299.359
1998-05-01 21:56:03,894052563,10,1300.219
1998-05-01 21:57:15,894052635,2,1284.949
1998-05-01 21:59:48,894052788,10,1433.376
